/*
SQLyog Ultimate v12.09 (64 bit)
MySQL - 10.1.21-MariaDB : Database - gpcomp
*********************************************************************
*/

/*!40101 SET NAMES utf8 */;

/*!40101 SET SQL_MODE=''*/;

/*!40014 SET @OLD_UNIQUE_CHECKS=@@UNIQUE_CHECKS, UNIQUE_CHECKS=0 */;
/*!40014 SET @OLD_FOREIGN_KEY_CHECKS=@@FOREIGN_KEY_CHECKS, FOREIGN_KEY_CHECKS=0 */;
/*!40101 SET @OLD_SQL_MODE=@@SQL_MODE, SQL_MODE='NO_AUTO_VALUE_ON_ZERO' */;
/*!40111 SET @OLD_SQL_NOTES=@@SQL_NOTES, SQL_NOTES=0 */;
/*Table structure for table `category` */

DROP TABLE IF EXISTS `category`;

CREATE TABLE `category` (
  `CategoryId` varchar(10) NOT NULL,
  `CategoryName` varchar(50) DEFAULT NULL,
  `Status` varchar(1) DEFAULT NULL,
  `AddDate` date DEFAULT '0000-00-00',
  `EditDate` date DEFAULT '0000-00-00',
  `AddUser` varchar(10) DEFAULT NULL,
  `EditUser` varchar(10) DEFAULT NULL,
  PRIMARY KEY (`CategoryId`)
) ENGINE=InnoDB DEFAULT CHARSET=latin1;

/*Data for the table `category` */

insert  into `category`(`CategoryId`,`CategoryName`,`Status`,`AddDate`,`EditDate`,`AddUser`,`EditUser`) values ('BL','BUKALAPAK','Y','2017-09-29','0000-00-00','1',NULL),('TP','TOKOPEDIA','Y','2017-09-29','0000-00-00','1',NULL);

/*Table structure for table `menu` */

DROP TABLE IF EXISTS `menu`;

CREATE TABLE `menu` (
  `category_id` int(10) unsigned NOT NULL AUTO_INCREMENT,
  `category_name` varchar(50) COLLATE latin1_general_ci NOT NULL,
  `category_link` varchar(255) COLLATE latin1_general_ci NOT NULL,
  `parent_id` int(10) unsigned NOT NULL DEFAULT '0',
  `sort_order` int(11) NOT NULL DEFAULT '0',
  PRIMARY KEY (`category_id`),
  UNIQUE KEY `unique` (`category_name`)
) ENGINE=InnoDB AUTO_INCREMENT=15 DEFAULT CHARSET=latin1 COLLATE=latin1_general_ci;

/*Data for the table `menu` */

insert  into `menu`(`category_id`,`category_name`,`category_link`,`parent_id`,`sort_order`) values (1,'Home','',0,0),(2,'Tutorials','#',0,1),(3,'Java','java',2,1),(4,'Liferay','liferay',2,1),(5,'Frameworks','#',0,2),(6,'JSF','jsf',5,2),(7,'Struts','struts',5,2),(8,'Spring','spring',5,2),(9,'Hibernate','hibernate',5,2),(10,'Webservices','#',0,3),(11,'REST','rest',10,3),(12,'SOAP','soap',10,3),(13,'Contact','contact',0,4),(14,'About','about',0,5);

/*Table structure for table `pembelian_detail` */

DROP TABLE IF EXISTS `pembelian_detail`;

CREATE TABLE `pembelian_detail` (
  `IDTransaksi` varchar(20) NOT NULL,
  `NamaProduk` varchar(250) NOT NULL,
  `HargaProduk` decimal(10,0) DEFAULT NULL,
  `JumlahProduk` decimal(10,0) DEFAULT NULL,
  `UpdateDate` datetime DEFAULT '0000-00-00 00:00:00',
  `UpdateUser` varchar(10) DEFAULT NULL,
  PRIMARY KEY (`IDTransaksi`,`NamaProduk`)
) ENGINE=InnoDB DEFAULT CHARSET=latin1;

/*Data for the table `pembelian_detail` */

insert  into `pembelian_detail`(`IDTransaksi`,`NamaProduk`,`HargaProduk`,`JumlahProduk`,`UpdateDate`,`UpdateUser`) values ('170435263232','Flashdisk SanDisk Cruzer Blade 16GB','61900','1','2017-12-29 13:26:44','admin'),('170437090482','Flashdisk SanDisk Cruzer Blade 16GB','61900','4','2017-12-29 13:26:44','admin'),('170459158232','Flashdisk Sandisk Cruzer Edge CZ51 16GB','61900','4','2017-12-29 13:26:44','admin'),('170463330272','Flashdisk Sandisk Cruzer Edge CZ51 16GB','61900','10','2017-12-29 13:26:44','admin'),('170482739832','Flashdisk SanDisk Cruzer Blade 16GB USB Flash Drive CZ50 - GARANSI RESMI','66000','5','2017-12-29 13:26:44','admin'),('170506517407','Flashdisk SanDisk Cruzer Blade 16GB USB Flash Drive CZ50 - GARANSI RESMI','69000','5','2017-12-29 13:26:44','admin'),('170512909112','USB Flashdisk SANDISK CRUIZER BLADE 16GB','68900','20','2017-12-29 13:26:44','admin'),('170534293077','Flashdisk SanDisk Cruzer Blade 16GB USB Flash Drive CZ50 - GARANSI RESMI','69000','10','2017-12-29 13:26:44','admin'),('170555366812','Flashdisk SanDisk Cruzer Blade 16GB USB Flash Drive CZ50 - GARANSI RESMI','69000','20','2017-12-29 13:26:44','admin'),('170579888189','Flashdisk Sandisk Cruzer Edge Cz51 32GB - Garansi Resmi','126000','5','2017-12-29 13:26:44','admin'),('170590033524','SanDisk Flashdisk Cruzer Blade CZ50 - 16GB Garansi Resmi','69000','10','2017-12-29 13:26:44','admin'),('180610614249','SanDisk Flashdisk Cruzer Blade CZ50 - 16GB Garansi Resmi','69000','10','2018-01-21 16:44:11','admin'),('180613363139','Sandisk Blade 16GB  USB Flashdisk ORIGINAL','68000','3','2018-01-21 16:44:11','admin'),('180615962499','Sandisk Blade 16GB  USB Flashdisk ORIGINAL','68000','20','2018-01-24 23:11:18','admin'),('180643677759','SanDisk Flashdisk Cruzer Blade CZ50 - 32GB Garansi Resmi','121400','10','2018-02-08 09:21:42','admin'),('180653503704','SanDisk Flashdisk Cruzer Blade CZ50 - 16GB Garansi Resmi','66900','20','2018-02-08 09:21:42','admin'),('180667016549','USB Flashdisk Sandisk Blade 16GB Original','66500','21','2018-03-05 10:03:18','admin'),('180669658719','Flashdisk Sandisk Cruzer Blade 32GB Original Garansi Resmi','121500','15','2018-03-05 10:03:17','admin'),('180698968585','Flashdisk Sandisk Cruzer Blade 16GB Original Garansi Resmi','66900','15','2018-03-21 13:07:46','admin'),('180723339202','SanDisk Flashdisk Cruzer Blade CZ50 - 16GB Garansi Resmi','63900','10','2018-04-08 07:34:53','admin'),('180736868802','Flashdisk / Flash Drive Sandisk Cruzer Blade CZ50 16gb','65000','16','2018-04-08 07:34:53','admin'),('180758639174','Flashdisk / Flash Drive Sandisk Cruzer Blade CZ50 16gb','65000','16','2018-04-17 22:54:44','admin'),('180783098220','Flashdisk Sandisk Cruzer Blade 16GB Flash Disk FD USB 2.0','62000','20','2018-04-21 07:54:17','admin'),('180787269940','SanDisk Flashdisk Cruzer Blade CZ50 - 16GB Garansi Resmi','63900','4','2018-04-21 07:54:17','admin');

/*Table structure for table `pembelian_header` */

DROP TABLE IF EXISTS `pembelian_header`;

CREATE TABLE `pembelian_header` (
  `CategoryId` varchar(10) DEFAULT NULL,
  `Tanggal` datetime DEFAULT '0000-00-00 00:00:00',
  `IDTransaksi` varchar(20) NOT NULL,
  `Penjual` varchar(50) DEFAULT NULL,
  `Pembeli` varchar(50) DEFAULT NULL,
  `HPPembeli` varchar(20) DEFAULT NULL,
  `AlamatPembeli` varchar(100) DEFAULT NULL,
  `KecamatanPembeli` varchar(50) DEFAULT NULL,
  `KotaPembeli` varchar(50) DEFAULT NULL,
  `PropinsiPembeli` varchar(50) DEFAULT NULL,
  `KodePosPembeli` varchar(10) DEFAULT NULL,
  `BiayaPengiriman` decimal(10,0) DEFAULT NULL,
  `BiayaAsuransi` decimal(10,0) DEFAULT NULL,
  `BiayaPelayanan` decimal(10,0) DEFAULT NULL,
  `Voucher` decimal(10,0) DEFAULT NULL,
  `KodePembayaran` decimal(10,0) DEFAULT NULL,
  `TotalTerbayar` decimal(10,0) DEFAULT NULL,
  `Kurir` varchar(50) DEFAULT NULL,
  `KodeTracking` varchar(25) DEFAULT NULL,
  `Status` varchar(50) DEFAULT NULL,
  `MetodePembayaran` varchar(100) DEFAULT NULL,
  `UpdateDate` datetime DEFAULT '0000-00-00 00:00:00',
  `UpdateUser` varchar(10) DEFAULT NULL,
  `Keterangan` varchar(100) DEFAULT NULL,
  PRIMARY KEY (`IDTransaksi`)
) ENGINE=InnoDB DEFAULT CHARSET=latin1;

/*Data for the table `pembelian_header` */

insert  into `pembelian_header`(`CategoryId`,`Tanggal`,`IDTransaksi`,`Penjual`,`Pembeli`,`HPPembeli`,`AlamatPembeli`,`KecamatanPembeli`,`KotaPembeli`,`PropinsiPembeli`,`KodePosPembeli`,`BiayaPengiriman`,`BiayaAsuransi`,`BiayaPelayanan`,`Voucher`,`KodePembayaran`,`TotalTerbayar`,`Kurir`,`KodeTracking`,`Status`,`MetodePembayaran`,`UpdateDate`,`UpdateUser`,`Keterangan`) values ('BL','2017-06-05 17:10:56','170435263232','asim ridista','Ratih','087884096677','Taman Palem Lestari Ruko Galaxy Blok O No.1 Cengkareng Barat','Cengkareng','Jakarta Barat','DKI Jakarta','11730','9000','0','0','-9000','0','61900','NINJA REG','NVIDBLAPK000058368','Diterima & Selesai','BukaDompet','2017-12-29 13:26:44','admin',NULL),('BL','2017-06-08 07:44:21','170437090482','asim ridista','Purwanto','087884096677','PT Victoria Care Indonesia Jl Daan mogot KM 11 Wisma SSK Lt5 Kedaung kali angke','Cengkareng','Jakarta Barat','DKI Jakarta','11710','9000','0','0','-20000','971','237571','NINJA REG','NVIDBLAPK000060519','Diterima & Selesai','Transfer','2017-12-29 13:26:44','admin',NULL),('BL','2017-07-15 13:03:16','170459158232','asim ridista','Ratih','087884096677','Taman Palem Lestari Ruko Galaxy Blok O No.1 Cengkareng Barat','Cengkareng','Jakarta Barat','DKI Jakarta','11730','9000','0','0','-20000','756','237356','JNE REG','014470040086317','Diterima & Selesai','Transfer','2017-12-29 13:26:44','admin',NULL),('BL','2017-07-22 00:04:55','170463330272','asim ridista','Ratih','087884096677','Taman Palem Lestari Ruko Galaxy Blok O No.1 Cengkareng Barat','Cengkareng','Jakarta Barat','DKI Jakarta','11730','9000','0','0','-20000','1401','609401','JNE REG','CGKBZ02222535017','Diterima & Selesai','Transfer','2017-12-29 13:26:44','admin',NULL),('BL','2017-08-18 14:27:05','170482739832','usblinkcorner','Ratih','087884096677','Taman Palem Lestari Ruko Galaxy Blok O No.1 Cengkareng Barat','Cengkareng','Jakarta Barat','DKI Jakarta','11730','9000','0','0','-25000','0','314000','JNE REG','3143935710006','Diterima & Selesai','BukaDompet','2017-12-29 13:26:44','admin',NULL),('BL','2017-09-19 09:09:06','170506517407','usblinkcorner','Ratih','087884096677','Taman Palem Lestari Ruko Galaxy Blok O No.1 Cengkareng Barat','Cengkareng','Jakarta Barat','DKI Jakarta','11730','9000','0','0','-25000','0','329000','JNE REG','010470807769717','Diterima & Selesai','BukaDompet','2017-12-29 13:26:44','admin',NULL),('BL','2017-09-27 09:02:43','170512909112','karuniaonline','Ratih','087884096677','Taman Palem Lestari Ruko Galaxy Blok O No.1 Cengkareng Barat','Cengkareng','Jakarta Barat','DKI Jakarta','11730','8080','0','0','-20000','1090','1367170','Pos Kilat Khusus','15635410744','Diterima & Selesai','Transfer','2017-12-29 13:26:44','admin',NULL),('BL','2017-10-24 09:53:45','170534293077','usblinkcorner','Purwanto','087884096677','Lobby Plaza Asia Jl Jendral Sudirman Kav.59 Jakarta','Kebayoran Baru','Jakarta Selatan','DKI Jakarta','12190','15000','0','0','-15000','1937','691937','GO-SEND Same Day','GK-43409787','Diterima & Selesai','Transfer','2017-12-29 13:26:44','admin',NULL),('BL','2017-11-16 09:32:16','170555366812','usblinkcorner','Ratih','087884096677','Taman Palem Lestari Ruko Galaxy Blok O No.1 Cengkareng Barat','Cengkareng','Jakarta Barat','DKI Jakarta','11730','9000','0','0','0','1852','1390852','JNE REG','010470985759317','Diterima & Selesai','Transfer','2017-12-29 13:26:44','admin',NULL),('BL','2017-12-11 06:43:53','170579888189','usblinkcorner','Ratih','087884096677','Taman Palem Lestari Ruko Galaxy Blok O No.1 Cengkareng Barat','Cengkareng','Jakarta Barat','DKI Jakarta','11730','10000','0','0','0','0','640000','J&T REG','JD0003454483','Diterima & Selesai','BukaDompet','2017-12-29 13:26:44','admin',NULL),('BL','2017-12-19 06:00:45','170590033524','Ridista Online Store','Ratih','087884096677','Taman Palem Lestari Ruko Galaxy Blok O No.1 Cengkareng Barat','Cengkareng','Jakarta Barat','DKI Jakarta','11730','5000','0','0','0','1656','696656','Grab Parcel Reguler','BLG3LLTRZZUZYUJ4','Diterima & Selesai','Transfer','2017-12-29 13:26:44','admin',NULL),('BL','2018-01-07 07:42:03','180610614249','Ridista Online Store','Ratih','087884096677','Taman Palem Lestari Ruko Galaxy Blok O No.1 Cengkareng Barat','Cengkareng','Jakarta Barat','DKI Jakarta','11730','5000','0','0','-15000','0','695000','Grab Parcel Reguler','BLG3T7WFXVB34FTY','Diterima & Selesai','Transfer Virtual Account','2018-01-21 16:44:11','admin',NULL),('BL','2018-01-09 09:53:06','180613363139','Buka Komputer','Purwanto','087884096677','Lobby Plaza Asia Jl Jendral Sudirman Kav.59 Jakarta','Kebayoran Baru','Jakarta Selatan','DKI Jakarta','12190','15000','0','0','0','0','219000','GO-SEND Same Day','GK-56163404','Diterima & Selesai','Transfer Virtual Account','2018-01-21 16:44:11','admin',NULL),('BL','2018-01-11 07:14:20','180615962499','Buka Komputer','Ratih','087884096677','Taman Palem Lestari Ruko Galaxy Blok O No.1 Cengkareng Barat','Cengkareng','Jakarta Barat','DKI Jakarta','11730','10000','0','0','-70000','0','1370000','Grab Parcel Reguler','BLG3T81PIQIRDA0J','Diterima & Selesai','Transfer Virtual Account','2018-01-24 23:11:17','admin',NULL),('BL','2018-01-30 09:23:10','180643677759','Ridista Online Store','Ratih','087884096677','Taman Palem Lestari Ruko Galaxy Blok O No.1 Cengkareng Barat','Cengkareng','Jakarta Barat','DKI Jakarta','11730','5000','0','0','-22000','0','1219000','Grab Parcel Reguler','BLG3T8SZXZZL78P7','Diterima & Selesai','Transfer Virtual Account','2018-02-08 09:21:42','admin',NULL),('BL','2018-02-06 06:44:06','180653503704','Ridista Online Store','Ratih','087884096677','Taman Palem Lestari Ruko Galaxy Blok O No.1 Cengkareng Barat','Cengkareng','Jakarta Barat','DKI Jakarta','11730','10000','0','0','-22000','0','1348000','Grab Parcel Reguler','BLG3T92O8TO545SP','Diterima & Selesai','Transfer Virtual Account','2018-02-08 09:21:42','admin',NULL),('BL','2018-02-15 10:07:33','180667016549','BUKA KOMPUTER','Ratih','087884096677','Taman Palem Lestari Ruko Galaxy Blok O No.1 Cengkareng Barat','Cengkareng','Jakarta Barat','DKI Jakarta','11730','5000','0','0','-50000','0','1401500','Grab Parcel Reguler','BLG3T9FZ8H77C51D','Diterima & Selesai','Transfer Virtual Account','2018-03-05 10:03:17','admin',NULL),('BL','2018-02-17 09:32:35','180669658719','AKA Cinere','Ratih','087884096677','Taman Palem Lestari Ruko Galaxy Blok O No.1 Cengkareng Barat','Cengkareng','Jakarta Barat','DKI Jakarta','11730','9000','0','16850','-146520','0','1701830','JNE REG','DPKAB23863161818','Diterima & Selesai','Kartu Visa/Mastercard/JCB','2018-03-05 10:03:17','admin',NULL),('BL','2018-03-07 12:48:54','180698968585','AKA Cinere','Ratih','087884096677','Taman Palem Lestari Ruko Galaxy Blok O No.1 Cengkareng Barat','Cengkareng','Jakarta Barat','DKI Jakarta','11730','9000','0','0','0','0','1012500','JNE REG','DPKAB24172722818','Diterima & Selesai','Transfer Virtual Account','2018-03-21 13:07:46','admin','Cashback Credit 100000'),('BL','2018-03-21 12:47:14','180723339202','Ridista Online Store','Ratih','087884096677','Taman Palem Lestari Ruko Galaxy Blok O No.1 Cengkareng Barat','Cengkareng','Jakarta Barat','DKI Jakarta','11730','9000','0','0','0','0','648000','JNE REG','014470057578218','Diterima & Selesai','Transfer Virtual Account','2018-04-08 07:34:53','admin','Cashback Credit 30000'),('BL','2018-03-27 11:41:38','180736868802','Memorymarket Online','Ratih','087884096677','Taman Palem Lestari Ruko Galaxy Blok O No.1 Cengkareng Barat','Cengkareng','Jakarta Barat','DKI Jakarta','11730','10000','0','0','0','0','1050000','J&T REG','JB0000864701','Diterima & Selesai','Transfer Virtual Account','2018-04-08 07:34:53','admin','Cashback Credit 100000'),('BL','2018-04-05 11:09:03','180758639174','Memorymarket Online','Ratih','087884096677','Taman Palem Lestari Ruko Galaxy Blok O No.1 Cengkareng Barat','Cengkareng','Jakarta Barat','DKI Jakarta','11730','10000','0','0','0','0','1050000','J&T REG','JB0001005443','Diterima & Selesai','Transfer Virtual Account','2018-04-17 22:54:44','admin','Cashback Credit 100000+40000'),('BL','2018-04-16 13:54:37','180783098220','Halim','Ratih','087884096677','Taman Palem Lestari Ruko Galaxy Blok O No.1 Cengkareng Barat','Cengkareng','Jakarta Barat','DKI Jakarta','11730','10000','0','0','0','0','1250000','J&T REG','JD0009305378','Diterima & Selesai','Transfer Virtual Account','2018-04-21 07:54:17','admin','Cashback Credit 62500'),('BL','2018-04-18 09:20:27','180787269940','Ridista Online Store','Purwanto','087884096677','Lobby Mall Thamrin City (Depan Bank Papua) Jl. Thamrin Boulevard (Jl. Kebon Kacang Raya) Jakarta Pus','Tanah Abang','Jakarta Pusat','DKI Jakarta','10230','12000','0','0','-12000','0','255600','Grab Instant','524021843197731','Diterima & Selesai','Transfer Virtual Account','2018-04-21 07:54:17','admin','');

/*Table structure for table `penjualan_detail` */

DROP TABLE IF EXISTS `penjualan_detail`;

CREATE TABLE `penjualan_detail` (
  `IDTransaksi` varchar(50) NOT NULL,
  `NamaProduk` varchar(250) NOT NULL,
  `HargaBeli` decimal(10,0) DEFAULT NULL,
  `HargaProduk` decimal(10,0) DEFAULT NULL,
  `JumlahProduk` decimal(10,0) DEFAULT NULL,
  `UpdateDate` datetime DEFAULT '0000-00-00 00:00:00',
  `UpdateUser` varchar(10) DEFAULT NULL,
  PRIMARY KEY (`IDTransaksi`,`NamaProduk`)
) ENGINE=InnoDB DEFAULT CHARSET=latin1;

/*Data for the table `penjualan_detail` */

insert  into `penjualan_detail`(`IDTransaksi`,`NamaProduk`,`HargaBeli`,`HargaProduk`,`JumlahProduk`,`UpdateDate`,`UpdateUser`) values ('170427818977','USB flashdisk bootable windows 16GB','61900','100000','1','2017-12-29 11:25:00','admin'),('170436584647','USB flashdisk bootable windows 16GB','61900','100000','1','2017-12-29 11:25:00','admin'),('170438484132','USB flashdisk bootable windows 16GB','61900','100000','1','2017-12-29 11:25:00','admin'),('170456336707','USB flashdisk bootable windows 16GB','61900','100000','1','2017-12-29 11:25:00','admin'),('170457147292','USB flashdisk bootable windows 16GB','61900','100000','1','2017-12-29 11:25:00','admin'),('170459057087','USB flashdisk bootable windows 16GB','61900','100000','1','2017-12-29 11:25:00','admin'),('170460232492','USB flashdisk bootable windows 16GB','61900','100000','1','2017-12-29 11:25:00','admin'),('170462408932','USB flashdisk bootable windows 16GB','61900','100000','1','2017-12-29 11:25:00','admin'),('170463230487','USB flashdisk bootable windows 16GB','61900','100000','1','2017-12-29 11:25:00','admin'),('170464986472','USB flashdisk bootable windows 16GB','61900','100000','1','2017-12-29 11:25:00','admin'),('170467165857','USB flashdisk bootable windows 16GB','61900','100000','1','2017-12-29 11:25:00','admin'),('170467588117','USB flashdisk bootable windows 16GB','61900','100000','1','2017-12-29 11:25:00','admin'),('170473455902','USB flashdisk bootable windows 16GB','66000','100000','1','2017-12-29 11:25:00','admin'),('170475784257','USB flashdisk bootable windows 16GB','66000','100000','1','2017-12-29 11:25:00','admin'),('170478316857','USB flashdisk bootable windows 16GB','66000','100000','1','2017-12-29 11:25:00','admin'),('170480121102','USB flashdisk bootable windows 16GB','66000','100000','1','2017-12-29 11:25:00','admin'),('170480774357','USB flashdisk bootable windows 16GB','66000','100000','1','2017-12-29 11:25:00','admin'),('170482655657','USB flashdisk bootable windows 16GB','66000','100000','1','2017-12-29 11:25:00','admin'),('170501499087','USB flashdisk bootable windows 16GB','66000','100000','1','2017-12-29 11:25:00','admin'),('170502678392','USB flashdisk bootable windows 16GB','66000','100000','1','2017-12-29 11:25:00','admin'),('170503816777','USB flashdisk bootable windows 16GB','66000','100000','1','2017-12-29 11:25:00','admin'),('170505792422','USB flashdisk bootable windows 16GB','66000','100000','1','2017-12-29 11:25:00','admin'),('170507783902','USB flashdisk bootable windows 16GB','66000','100000','1','2017-12-29 11:25:00','admin'),('170511038842','Driver Pack Solution 2017 USB Flashdisk Sandisk 16GB','69000','85000','1','2017-12-29 11:25:00','admin'),('170512040647','Paket Software Design Corel - photoshop - autocad USB Flashdisk Sandisk 16GB','69000','90000','1','2017-12-29 11:25:00','admin'),('170512709847','Driver Pack Solution 2017 USB Flashdisk Sandisk 16GB','69000','90000','1','2017-12-29 11:25:00','admin'),('170512709847','Paket Software Design Corel - photoshop - autocad USB Flashdisk Sandisk 16GB','69000','90000','1','2017-12-29 11:25:00','admin'),('170512709847','USB flashdisk bootable windows 16GB','69000','109000','1','2017-12-29 11:25:00','admin'),('170513369587','Paket Software Design Corel - photoshop - autocad USB Flashdisk Sandisk 16GB','69000','90000','1','2017-12-29 11:25:00','admin'),('170514058437','USB flashdisk bootable windows 16GB','69000','109000','1','2017-12-29 11:25:00','admin'),('170514095052','USB flashdisk bootable windows 16GB','69000','109000','1','2017-12-29 11:25:00','admin'),('170516241477','Paket Software Design Corel - photoshop - autocad USB Flashdisk Sandisk 16GB','69000','90000','1','2017-12-29 11:25:00','admin'),('170516451637','Paket Software Design Corel - photoshop - autocad USB Flashdisk Sandisk 16GB','69000','90000','1','2017-12-29 11:24:59','admin'),('170516694192','USB flashdisk bootable windows 16GB','69000','109000','1','2017-12-29 11:24:59','admin'),('170517841282','USB flashdisk bootable windows 16GB','69000','109000','1','2017-12-29 11:24:59','admin'),('170521236262','Paket Software Design Corel - photoshop - autocad USB Flashdisk Sandisk 16GB','69000','90000','1','2017-12-29 11:24:59','admin'),('170521378842','Paket Software Design Corel - photoshop - autocad USB Flashdisk Sandisk 16GB','69000','90000','1','2017-12-29 11:24:59','admin'),('170526777622','USB flashdisk bootable windows 16GB','69000','109000','1','2017-12-29 11:24:59','admin'),('170531247302','Paket Software Design Corel - photoshop - autocad USB Flashdisk Sandisk 16GB','69000','90000','1','2017-12-29 11:24:59','admin'),('170531619107','Paket Software Design Corel - photoshop - autocad USB Flashdisk Sandisk 16GB','69000','90000','1','2017-12-29 11:24:59','admin'),('170532466362','USB flashdisk bootable windows 16GB','69000','109000','1','2017-12-29 11:24:59','admin'),('170533126702','Driver Pack Solution 2017 USB Flashdisk Sandisk 16GB','69000','90000','1','2017-12-29 11:24:59','admin'),('170533508792','USB flashdisk bootable windows 16GB','69000','109000','1','2017-12-29 11:24:59','admin'),('170533927212','Paket Software Design Corel - photoshop - autocad USB Flashdisk Sandisk 16GB','69000','90000','1','2017-12-29 11:24:59','admin'),('170535854987','USB flashdisk bootable windows 16GB','69000','109000','1','2017-12-29 11:24:59','admin'),('170538388147','USB flashdisk bootable windows 16GB','69000','109000','1','2017-12-29 11:24:59','admin'),('170538536327','Paket Software Design Corel - photoshop - autocad USB Flashdisk Sandisk 16GB','69000','90000','1','2017-12-29 11:24:59','admin'),('170543350777','USB flashdisk bootable windows 16GB','69000','109000','1','2017-12-29 11:24:59','admin'),('170545492682','Paket Software Design Corel - photoshop - autocad USB Flashdisk Sandisk 16GB','69000','90000','1','2017-12-29 11:24:59','admin'),('170546469217','Paket Software Design Corel - photoshop - autocad USB Flashdisk Sandisk 16GB','69000','90000','1','2017-12-29 11:24:59','admin'),('170546740572','Driver Pack Solution 2017 USB Flashdisk Sandisk 16GB','69000','90000','1','2017-12-29 11:24:59','admin'),('170547906357','Driver Pack Solution 2017 USB Flashdisk Sandisk 16GB','69000','90000','1','2017-12-29 11:24:59','admin'),('170550108052','Driver Pack Solution 2017 USB Flashdisk Sandisk 16GB','69000','90000','1','2017-12-29 11:24:59','admin'),('170550125412','USB flashdisk bootable windows 16GB','69000','109000','1','2017-12-29 11:24:59','admin'),('170552439977','Paket Software Design Corel - photoshop - autocad USB Flashdisk Sandisk 16GB','69000','90000','1','2017-12-29 11:24:59','admin'),('170553020487','USB flashdisk bootable windows 16GB','69000','109000','1','2017-12-29 11:24:59','admin'),('170553695382','USB flashdisk bootable windows 16GB','69000','109000','1','2017-12-29 11:24:59','admin'),('170555209037','USB flashdisk bootable windows 16GB','69000','109000','1','2017-12-29 11:24:59','admin'),('170555919242','Driver Pack Solution 2017 USB Flashdisk Sandisk 16GB','69000','90000','1','2017-12-29 11:24:59','admin'),('170555922562','USB flashdisk bootable windows 16GB','69000','109000','1','2017-12-29 11:24:59','admin'),('170558624207','USB flashdisk bootable windows 16GB','69000','109000','1','2017-12-29 11:24:59','admin'),('170559431252','USB flashdisk bootable windows 16GB','69000','109000','1','2017-12-29 11:24:59','admin'),('170562069642','USB flashdisk bootable windows 16GB','69000','109000','1','2017-12-29 11:24:59','admin'),('170563759714','USB flashdisk bootable windows 16GB','69000','109000','1','2017-12-29 11:24:59','admin'),('170564913204','Paket Software Design Corel - photoshop - autocad USB Flashdisk Sandisk 16GB','69000','90000','1','2017-12-29 11:24:59','admin'),('170565864864','USB flashdisk bootable windows 16GB','69000','109000','1','2017-12-29 11:24:59','admin'),('170571264529','USB flashdisk bootable windows 16GB','69000','109000','1','2017-12-29 11:24:59','admin'),('170573190819','USB flashdisk bootable windows 16GB','69000','109000','1','2017-12-29 11:24:59','admin'),('170575351214','Paket Software Design Corel - photoshop - autocad USB Flashdisk Sandisk 16GB','69000','90000','1','2017-12-29 11:24:59','admin'),('170577386764','USB flashdisk bootable windows 16GB','69000','109000','1','2017-12-29 11:24:59','admin'),('170579271924','USB flashdisk bootable windows 16GB','69000','109000','1','2017-12-29 11:24:59','admin'),('170582319439','Driver Pack Solution 2017 USB Flashdisk Sandisk 16GB','69000','90000','1','2017-12-29 11:24:59','admin'),('170583946454','Paket Software Design Corel - photoshop - autocad USB Flashdisk Sandisk 16GB','69000','90000','1','2017-12-29 11:24:59','admin'),('170584523154','USB flashdisk bootable windows 16GB','69000','109000','1','2017-12-29 11:24:59','admin'),('170587413889','Paket Software Design Corel - photoshop - autocad USB Flashdisk Sandisk 16GB','69000','90000','1','2017-12-29 11:24:59','admin'),('170587469109','Driver Pack Solution 2017 USB Flashdisk Sandisk 16GB','69000','90000','1','2018-01-17 09:20:25','admin'),('170592533259','USB flashdisk bootable windows 32GB Dilengkapi Driver Pack 2017','126000','179000','1','2018-01-17 09:20:24','admin'),('170596325174','USB flashdisk bootable windows 16GB','69000','109000','1','2018-01-17 09:20:24','admin'),('170597463839','Driver Pack Solution 2017 USB Flashdisk Sandisk 16GB','69000','90000','1','2018-01-17 09:20:24','admin'),('170598607369','USB flashdisk bootable windows 32GB Dilengkapi Driver Pack 2017','126000','179000','1','2018-01-17 09:20:24','admin'),('170600459904','USB flashdisk bootable windows 16GB','69000','109000','1','2018-01-17 09:20:24','admin'),('180607413254','USB flashdisk bootable windows 16GB','69000','109000','1','2018-01-17 09:20:24','admin'),('180611343869','Paket Software Design Corel - photoshop - autocad USB Flashdisk Sandisk 16GB','69000','90000','1','2018-01-17 09:20:24','admin'),('180613187214','Paket Software Design Corel - photoshop - autocad USB Flashdisk Sandisk 16GB','69000','90000','1','2018-01-17 09:20:24','admin'),('180613504194','Paket Software Design Corel - photoshop - autocad USB Flashdisk Sandisk 16GB','69000','90000','1','2018-01-17 09:20:24','admin'),('180615052064','Paket Software Design Corel - photoshop - autocad USB Flashdisk Sandisk 16GB','69000','90000','1','2018-01-17 09:20:24','admin'),('180619051969','Paket Software Design Corel - photoshop - autocad USB Flashdisk Sandisk 16GB','68000','90000','1','2018-01-24 23:52:34','admin'),('180619562524','USB flashdisk bootable windows 32GB Dilengkapi Driver Pack 2017','126000','179000','1','2018-01-24 23:52:34','admin'),('180619713189','USB flashdisk bootable windows 32GB Dilengkapi Driver Pack 2017','126000','179000','1','2018-01-24 23:52:34','admin'),('180621392184','Paket Software Design Corel - photoshop - autocad USB Flashdisk Sandisk 16GB','68000','90000','1','2018-01-24 23:52:34','admin'),('180621424864','Paket Software Design Corel - photoshop - autocad USB Flashdisk Sandisk 16GB','68000','90000','1','2018-01-31 16:16:14','admin'),('180621424864','Paket Software Multimedia - After Effects - Premiere Pro USB Flashdisk Sandisk 16GB','68000','90000','1','2018-01-31 16:16:14','admin'),('180621424864','USB flashdisk bootable windows 16GB','68000','109000','1','2018-01-31 16:16:14','admin'),('180623381059','Paket Software Design Corel - photoshop - autocad USB Flashdisk Sandisk 16GB','68000','90000','1','2018-01-24 23:52:34','admin'),('180623691669','Paket Software Design Corel - photoshop - autocad USB Flashdisk Sandisk 16GB','68000','90000','1','2018-01-24 23:52:34','admin'),('180627432519','USB flashdisk bootable windows 16GB','68000','109000','1','2018-01-31 16:16:13','admin'),('180633853499','USB flashdisk bootable windows 16GB','68000','109000','1','2018-01-31 16:16:13','admin'),('180634999244','USB flashdisk bootable windows 16GB','68000','109000','1','2018-01-31 16:16:13','admin'),('180641974289','Paket Software Design Corel - photoshop - autocad USB Flashdisk Sandisk 16GB','68000','90000','1','2018-02-08 09:36:16','admin'),('180643967064','Paket Software Design Corel - photoshop - autocad USB Flashdisk Sandisk 16GB','68000','90000','1','2018-02-08 09:36:16','admin'),('180646727484','Paket Software Design Corel - photoshop - autocad USB Flashdisk Sandisk 16GB','68000','90000','1','2018-02-08 09:36:16','admin'),('180646749904','USB flashdisk bootable windows 32GB Dilengkapi Driver Pack 2017','126000','179000','1','2018-02-08 09:36:16','admin'),('180649332209','USB flashdisk bootable windows 16GB','68000','109000','1','2018-02-08 09:36:16','admin'),('180650517669','Paket Software Design Corel - photoshop - autocad USB Flashdisk Sandisk 16GB','68000','90000','1','2018-02-08 09:36:16','admin'),('180651294069','Paket Software Design Corel - photoshop - autocad USB Flashdisk Sandisk 16GB','68000','90000','1','2018-02-13 10:25:21','admin'),('180651618004','USB flashdisk bootable windows 16GB','68000','109000','1','2018-02-13 10:25:21','admin'),('180652814264','Paket Software Design Corel - photoshop - autocad USB Flashdisk Sandisk 16GB','68000','90000','1','2018-02-13 10:25:21','admin'),('180657003574','Paket Software Design Corel - photoshop - autocad USB Flashdisk Sandisk 16GB','66900','90000','1','2018-02-27 09:56:39','admin'),('180662234539','Driver Pack Solution 2017 USB Flashdisk Sandisk 16GB','66900','90000','1','2018-02-27 09:56:39','admin'),('180662234539','Paket Software Design Corel - photoshop - autocad USB Flashdisk Sandisk 16GB','66900','90000','1','2018-02-27 09:56:39','admin'),('180664021859','USB flashdisk bootable windows 16GB','66900','109000','1','2018-02-27 09:56:39','admin'),('180664427859','USB flashdisk bootable windows 32GB Dilengkapi Driver Pack 2017','121400','179000','1','2018-02-27 09:56:39','admin'),('180665772499','Paket Software Design Corel - photoshop - autocad USB Flashdisk Sandisk 16GB','66900','90000','1','2018-02-27 09:56:39','admin'),('180665994029','USB flashdisk bootable windows 16GB','66900','109000','1','2018-02-27 09:56:39','admin'),('180667918379','USB flashdisk bootable windows 32GB Dilengkapi Driver Pack 2017','121400','179000','1','2018-02-27 09:56:39','admin'),('180670189489','Driver Pack Solution 2017 USB Flashdisk Sandisk 16GB','66900','90000','1','2018-02-27 09:56:39','admin'),('180672310194','USB flashdisk bootable windows 32GB Dilengkapi Driver Pack 2017','121400','179000','1','2018-02-27 09:56:39','admin'),('180672541489','Paket Software Design Corel - photoshop - autocad USB Flashdisk Sandisk 16GB','66900','90000','1','2018-02-27 09:56:39','admin'),('180673223279','Paket Software Design Corel - photoshop - autocad USB Flashdisk Sandisk 16GB','66900','90000','1','2018-02-27 09:56:39','admin'),('180676041824','Paket Software Design Corel - photoshop - autocad USB Flashdisk Sandisk 16GB','66900','90000','1','2018-02-27 09:56:39','admin'),('180677004369','Paket Software Design Corel - photoshop - autocad USB Flashdisk Sandisk 16GB','66900','90000','1','2018-02-27 09:56:39','admin'),('180677172429','Paket Software Design Corel - photoshop - autocad USB Flashdisk Sandisk 16GB','66900','90000','1','2018-02-27 09:56:39','admin'),('180677256189','USB flashdisk bootable windows 16GB','66900','109000','1','2018-02-27 09:56:39','admin'),('180679800984','Paket Software Design Corel - photoshop - autocad USB Flashdisk Sandisk 16GB','66900','90000','1','2018-03-01 17:56:09','admin'),('180684078984','USB flashdisk bootable windows 16GB','66900','109000','1','2018-03-01 17:56:09','admin'),('180684876429','Paket Software Design Corel - photoshop - autocad USB Flashdisk Sandisk 16GB','66500','90000','1','2018-03-19 09:29:41','admin'),('180684876429','Paket Software Multimedia - After Effects - Premiere Pro USB Flashdisk Sandisk 16GB','66500','90000','1','2018-03-19 09:29:41','admin'),('180686772315','Driver Pack Solution 2017 USB Flashdisk Sandisk 16GB','66500','90000','1','2018-03-19 09:29:41','admin'),('180690276440','Paket Software Design Corel - photoshop - autocad USB Flashdisk Sandisk 16GB','66500','90000','1','2018-03-19 09:29:41','admin'),('180692192195','Paket Software Design Corel - photoshop - autocad USB Flashdisk Sandisk 16GB','66500','90000','1','2018-03-19 09:29:41','admin'),('180692664635','Paket Software Multimedia - After Effects - Premiere Pro USB Flashdisk Sandisk 16GB','66500','90000','1','2018-03-19 09:29:41','admin'),('180695178460','Paket Software Design Corel - photoshop - autocad USB Flashdisk Sandisk 16GB','66900','90000','1','2018-03-21 14:26:47','admin'),('180695452405','Driver Pack Solution 2017 USB Flashdisk Sandisk 16GB','66900','90000','1','2018-03-21 14:26:47','admin'),('180696776615','USB flashdisk bootable windows 16GB','66900','109000','1','2018-03-21 14:26:47','admin'),('180697445415','Paket Software Design Corel - photoshop - autocad USB Flashdisk Sandisk 16GB','66900','90000','1','2018-03-21 14:26:47','admin'),('180700861580','USB flashdisk bootable windows 16GB','66900','109000','1','2018-03-21 14:26:47','admin'),('180704748498','Paket Software Design Corel - photoshop - autocad USB Flashdisk Sandisk 16GB','66900','90000','1','2018-03-21 14:26:47','admin'),('180705151103','USB flashdisk bootable windows 16GB','66900','109000','1','2018-03-21 14:26:46','admin'),('180706636493','Paket Software Design Corel - photoshop - autocad USB Flashdisk Sandisk 16GB','66900','90000','1','2018-03-21 14:26:46','admin'),('180707734983','Driver Pack Solution 2017 USB Flashdisk Sandisk 16GB','66900','90000','1','2018-03-21 14:26:46','admin'),('180708426018','Paket Software Design Corel - photoshop - autocad USB Flashdisk Sandisk 16GB','66900','90000','1','2018-03-21 14:26:46','admin'),('180709847143','USB flashdisk bootable windows 32GB Dilengkapi Driver Pack 2017','121500','179000','1','2018-03-21 14:26:46','admin'),('180712631083','Paket Software Design Corel - photoshop - autocad USB Flashdisk Sandisk 16GB','66900','90000','1','2018-03-21 14:26:46','admin'),('180714117628','Paket Software Design Corel - photoshop - autocad USB Flashdisk Sandisk 16GB','66900','90000','1','2018-04-08 07:23:57','admin'),('180715552528','Paket Software Design Corel - photoshop - autocad USB Flashdisk Sandisk 16GB','66900','90000','1','2018-04-08 07:23:57','admin'),('180716950193','USB flashdisk bootable windows 16GB','66900','109000','1','2018-04-08 07:23:57','admin'),('180720354309','USB flashdisk bootable windows 16GB','66900','109000','1','2018-04-08 07:23:57','admin'),('180723159351','Paket Software Design Corel - photoshop - autocad USB Flashdisk Sandisk 16GB','66900','90000','1','2018-04-08 07:23:57','admin'),('180723931528','USB flashdisk bootable windows 16GB','66900','109000','1','2018-04-08 07:23:57','admin'),('180725013000','USB flashdisk bootable windows 32GB Dilengkapi Driver Pack 2017','121500','179000','1','2018-04-08 07:23:57','admin'),('180729553424','Paket Software Design Corel - photoshop - autocad USB Flashdisk Sandisk 16GB','66900','90000','1','2018-04-08 07:23:57','admin'),('180729911082','Paket Software Design Corel - photoshop - autocad USB Flashdisk Sandisk 16GB','66900','90000','1','2018-04-08 07:23:57','admin'),('180730757417','USB flashdisk bootable windows 16GB','66900','109000','1','2018-04-08 07:23:57','admin'),('180731665681','USB flashdisk bootable windows 16GB','66900','109000','1','2018-04-08 07:23:57','admin'),('180735905112','Driver Pack Solution 2017 USB Flashdisk Sandisk 16GB','66900','90000','1','2018-04-08 07:23:57','admin'),('180736649849','USB flashdisk bootable windows 16GB','63900','109000','1','2018-04-08 08:40:37','admin'),('180738730228','Paket Software Design Corel - photoshop - autocad USB Flashdisk Sandisk 16GB','63900','90000','1','2018-04-08 08:40:37','admin'),('180738754945','Paket Software Design Corel - photoshop - autocad USB Flashdisk Sandisk 16GB','63900','90000','1','2018-04-08 08:40:37','admin'),('180739776700','Paket Software Design Corel - photoshop - autocad USB Flashdisk Sandisk 16GB','63900','90000','1','2018-04-08 08:40:37','admin'),('180743919783','Driver Pack Solution 2017 USB Flashdisk Sandisk 16GB','63900','90000','1','2018-04-08 08:40:37','admin'),('180744987150','Paket Software Design Corel - photoshop - autocad USB Flashdisk Sandisk 16GB','63900','90000','1','2018-04-08 08:40:37','admin'),('180745125421','USB flashdisk bootable windows 16GB','63900','109000','1','2018-04-08 08:40:37','admin'),('180745701395','USB flashdisk bootable windows 32GB Dilengkapi Driver Pack 2017','121500','179000','1','2018-04-08 08:40:37','admin'),('180746126295','Driver Pack Solution 2017 USB Flashdisk Sandisk 16GB','63900','90000','2','2018-04-08 08:40:37','admin'),('180747892843','USB flashdisk bootable windows 32GB Dilengkapi Driver Pack 2017','121500','179000','1','2018-04-08 22:49:35','admin'),('180748826671','USB flashdisk bootable windows 16GB','65000','109000','1','2018-04-08 22:49:35','admin'),('180749369178','USB flashdisk bootable windows 32GB Dilengkapi Driver Pack 2017','121500','179000','1','2018-04-08 22:49:35','admin'),('180750360014','Driver Pack Solution 2017 USB Flashdisk Sandisk 16GB','65000','90000','1','2018-04-08 22:49:35','admin'),('180754370917','USB flashdisk bootable windows 16GB','65000','109000','1','2018-04-08 22:49:35','admin'),('180758337579','Paket Software Design Corel - photoshop - autocad USB Flashdisk Sandisk 16GB','65000','90000','1','2018-04-08 22:49:35','admin'),('180763374373','Paket Software Design Corel - photoshop - autocad USB Flashdisk Sandisk 16GB','65000','90000','1','2018-04-19 05:29:23','admin'),('180765288593','Paket Software Design Corel - photoshop - autocad USB Flashdisk Sandisk 16GB','65000','90000','1','2018-04-19 05:29:23','admin'),('180765609284','Paket Software Design Corel - photoshop - autocad USB Flashdisk Sandisk 16GB','65000','90000','1','2018-04-19 05:29:23','admin'),('180776862446','Paket Software Design Corel - photoshop - autocad USB Flashdisk Sandisk 16GB','65000','90000','1','2018-04-19 05:29:23','admin'),('180777612894','USB flashdisk bootable windows 16GB','65000','109000','1','2018-04-19 05:29:23','admin'),('180783657639','Paket Software Design Corel - photoshop - autocad USB Flashdisk Sandisk 16GB','65000','90000','1','2018-04-19 05:29:23','admin'),('180785317150','Paket Software Design Corel - photoshop - autocad USB Flashdisk Sandisk 16GB','65000','90000','1','2018-04-22 07:57:03','admin'),('180785475805','USB flashdisk bootable windows 16GB','63900','109000','1','2018-04-22 07:51:42','admin'),('180786256137','Paket Software Design Corel - photoshop - autocad USB Flashdisk Sandisk 16GB','63900','90000','1','2018-04-22 07:51:42','admin'),('INV/20171213/XVII/XII/122744910','USB flashdisk bootable windows 16GB','69000','105000','1','2017-12-29 11:29:14','admin'),('INV/20171215/XVII/XII/123087222','USB flashdisk bootable windows 16GB','69000','105000','1','2017-12-29 11:29:14','admin'),('INV/20171216/XVII/XII/123281895','Paket Software Design Corel - photoshop - autocad USB Flashdisk Sandisk 16GB','69000','90000','1','2017-12-29 11:29:14','admin'),('INV/20171228/XVII/XII/125373254','Paket Software Design Corel - photoshop - autocad USB Flashdisk Sandisk 16GB','69000','90000','1','2018-01-18 12:21:22','ADMIN'),('INV/20171231/XVII/XII/126004272','Paket Software Design Corel - photoshop - autocad USB Flashdisk Sandisk 16GB','69000','90000','1','2018-01-18 12:21:22','ADMIN'),('INV/20180101/XVIII/I/126189958','Paket Software Design Corel - photoshop - autocad USB Flashdisk Sandisk 16GB','69000','90000','1','2018-01-18 12:21:22','ADMIN'),('INV/20180103/XVIII/I/126522432','Paket Software Design Corel - photoshop - autocad USB Flashdisk Sandisk 16GB','69000','90000','1','2018-01-18 12:21:22','ADMIN'),('INV/20180106/XVIII/I/127345553','Paket Software Design Corel - photoshop - autocad USB Flashdisk Sandisk 16GB','69000','90000','1','2018-01-18 12:21:22','ADMIN'),('INV/20180108/XVIII/I/127566283','Paket Software Design Corel - photoshop - autocad USB Flashdisk Sandisk 16GB','69000','90000','1','2018-01-18 12:21:22','ADMIN'),('INV/20180108/XVIII/I/127653321','Paket Software Design Corel - photoshop - autocad USB Flashdisk Sandisk 16GB','69000','90000','1','2018-01-18 12:21:22','ADMIN'),('INV/20180112/XVIII/I/128573648','Paket Software Design Corel - photoshop - autocad USB Flashdisk Sandisk 16GB','69000','90000','1','2018-01-18 12:21:22','ADMIN'),('INV/20180114/XVIII/I/128893477','Paket Software Design Corel - photoshop - autocad USB Flashdisk Sandisk 16GB','68000','90000','1','2018-01-31 17:41:31','admin'),('INV/20180116/XVIII/I/129360171','Paket Software Design Corel - photoshop - autocad USB Flashdisk Sandisk 16GB','68000','90000','1','2018-01-31 17:41:31','admin'),('INV/20180120/XVIII/I/130008422','Paket Software Design Corel - photoshop - autocad USB Flashdisk Sandisk 16GB','68000','90000','1','2018-01-31 17:41:31','admin'),('INV/20180120/XVIII/I/130120226','Paket Software Design Corel - photoshop - autocad USB Flashdisk Sandisk 16GB','68000','90000','1','2018-01-31 17:41:31','admin'),('INV/20180122/XVIII/I/130418855','Paket Software Design Corel - photoshop - autocad USB Flashdisk Sandisk 16GB','68000','90000','1','2018-01-31 17:41:31','admin'),('INV/20180124/XVIII/I/130749647','Paket Software Design Corel - photoshop - autocad USB Flashdisk Sandisk 16GB','68000','90000','1','2018-01-31 17:41:31','admin'),('INV/20180128/XVIII/I/131619006','Paket Software Design Corel - photoshop - autocad USB Flashdisk Sandisk 16GB','68000','90000','1','2018-01-31 17:41:31','admin'),('INV/20180131/XVIII/I/132317043','Paket Software Design Corel - photoshop - autocad USB Flashdisk Sandisk 16GB','68000','90000','1','2018-02-14 09:48:38','admin'),('INV/20180205/XVIII/II/133425782','Paket Software Design Corel - photoshop - autocad USB Flashdisk Sandisk 16GB','68000','90000','1','2018-02-14 09:48:38','admin'),('INV/20180205/XVIII/II/133499169','USB Flashdisk Bootable Windows 32GB Dilengkapi Driver Pack 2017','121400','179000','1','2018-02-14 09:48:38','admin'),('INV/20180205/XVIII/II/133504060','Paket Software Design Corel - photoshop - autocad USB Flashdisk Sandisk 16GB','68000','90000','1','2018-02-14 09:48:38','admin'),('INV/20180206/XVIII/II/133799936','Paket Software Design Corel - photoshop - autocad USB Flashdisk Sandisk 16GB','66900','90000','1','2018-02-14 10:06:57','admin'),('INV/20180206/XVIII/II/133814495','USB Flashdisk Bootable Windows 32GB Dilengkapi Driver Pack 2017','121400','179000','1','2018-02-14 10:06:57','admin'),('INV/20180211/XVIII/II/135010293','Paket Software Multimedia - After Effects - Premiere Pro USB Flashdisk Sandisk 16GB','66900','90000','1','2018-02-26 14:20:56','admin'),('INV/20180219/XVIII/II/137388952','Paket Software Design Corel - photoshop - autocad USB Flashdisk Sandisk 16GB','66900','90000','1','2018-02-26 14:20:56','admin'),('INV/20180221/XVIII/II/137769457','USB Flashdisk Bootable Windows 32GB Dilengkapi Driver Pack 2017','121400','179000','1','2018-02-26 14:20:56','admin'),('INV/20180226/XVIII/II/139005897','USB Flashdisk Bootable Windows 32GB Dilengkapi Driver Pack 2017','121400','179000','1','2018-03-02 09:50:49','admin'),('INV/20180226/XVIII/II/139078852','Paket Software Design Corel - photoshop - autocad USB Flashdisk Sandisk 16GB','66900','90000','1','2018-04-08 08:29:53','admin'),('INV/20180226/XVIII/II/139137791','Paket Software Design Corel - photoshop - autocad USB Flashdisk Sandisk 16GB','66500','90000','1','2018-03-19 10:46:53','admin'),('INV/20180227/XVIII/II/139321249','Paket Software Design Corel - photoshop - autocad USB Flashdisk Sandisk 16GB','66500','90000','1','2018-03-19 10:46:53','admin'),('INV/20180304/XVIII/III/140481677','Paket Software Design Corel - photoshop - autocad USB Flashdisk Sandisk 16GB','66900','90000','1','2018-03-29 13:13:34','admin'),('INV/20180304/XVIII/III/140512418','Paket Software Design Corel - photoshop - autocad USB Flashdisk Sandisk 16GB','66900','90000','1','2018-03-29 13:13:34','admin'),('INV/20180307/XVIII/III/141143544','Driver Pack Solution 2017 USB Flashdisk Sandisk 16GB','66900','90000','1','2018-03-29 13:13:34','admin'),('INV/20180307/XVIII/III/141143544','USB Flashdisk Bootable Windows 32GB Dilengkapi Driver Pack 2017','121500','179000','1','2018-03-29 13:13:34','admin'),('INV/20180309/XVIII/III/141756888','Paket Software Design Corel - photoshop - autocad USB Flashdisk Sandisk 16GB','66900','90000','1','2018-03-29 13:13:34','admin'),('INV/20180309/XVIII/III/141756888','Paket Software Multimedia - After Effects - Premiere Pro USB Flashdisk Sandisk 16GB','66900','90000','1','2018-03-29 13:13:34','admin'),('INV/20180311/XVIII/III/142246419','USB Flashdisk Bootable Windows 32GB Dilengkapi Driver Pack 2017','121500','179000','1','2018-03-29 13:13:34','admin'),('INV/20180313/XVIII/III/142759581','Paket Software Design Corel - photoshop - autocad USB Flashdisk Sandisk 16GB','66900','90000','1','2018-03-29 13:13:34','admin'),('INV/20180316/XVIII/III/143444694','Paket Software Design Corel - photoshop - autocad USB Flashdisk Sandisk 16GB','66900','90000','1','2018-03-29 13:13:34','admin'),('INV/20180316/XVIII/III/143462652','Paket Software Design Corel - photoshop - autocad USB Flashdisk Sandisk 16GB','66900','90000','1','2018-03-29 13:13:34','admin'),('INV/20180326/XVIII/III/146178968','Paket Software Design Corel - photoshop - autocad USB Flashdisk Sandisk 16GB','66900','90000','1','2018-04-08 08:14:13','admin'),('INV/20180326/XVIII/III/146178968','Paket Software Multimedia - After Effects - Premiere Pro USB Flashdisk Sandisk 16GB','66900','90000','1','2018-04-08 08:14:13','admin'),('INV/20180326/XVIII/III/146178968','USB flashdisk bootable windows 16GB','66900','109000','1','2018-04-08 08:14:13','admin'),('INV/20180327/XVIII/III/146415375','Paket Software Design Corel - photoshop - autocad USB Flashdisk Sandisk 16GB','66900','90000','1','2018-04-08 08:23:57','admin'),('INV/20180330/XVIII/III/147177424','Paket Software Design Corel - photoshop - autocad USB Flashdisk Sandisk 16GB','63900','90000','1','2018-04-08 21:46:19','admin'),('INV/20180401/XVIII/IV/147708758','USB Flashdisk Bootable Windows 32GB Dilengkapi Driver Pack 2017','121500','179000','1','2018-04-08 22:39:51','admin'),('INV/20180402/XVIII/IV/147871078','Paket Software Design Corel - photoshop - autocad USB Flashdisk Sandisk 16GB','65000','90000','1','2018-04-08 22:39:51','admin'),('INV/20180403/XVIII/IV/148470683','USB Flashdisk Bootable Windows 32GB Dilengkapi Driver Pack 2017','121500','179000','1','2018-04-08 22:39:51','admin'),('INV/20180404/XVIII/IV/148778578','Paket Software Design Corel - photoshop - autocad USB Flashdisk Sandisk 16GB','65000','90000','1','2018-04-08 22:39:51','admin'),('INV/20180405/XVIII/IV/149019128','Paket Software Design Corel - photoshop - autocad USB Flashdisk Sandisk 16GB','65000','90000','1','2018-04-19 06:42:34','admin'),('INV/20180405/XVIII/IV/149194035','Paket Software Design Corel - photoshop - autocad USB Flashdisk Sandisk 16GB','65000','90000','1','2018-04-19 06:42:34','admin'),('INV/20180406/XVIII/IV/149490618','USB Flashdisk Bootable Windows 32GB Dilengkapi Driver Pack 2017','121500','109000','1','2018-04-19 06:42:34','admin'),('INV/20180408/XVIII/IV/149775904','Paket Software Design Corel - photoshop - autocad USB Flashdisk Sandisk 16GB','65000','90000','1','2018-04-19 06:42:34','admin'),('INV/20180408/XVIII/IV/149784496','Driver Pack Solution 2017 USB Flashdisk Sandisk 16GB','65000','90000','1','2018-04-19 06:42:34','admin'),('INV/20180408/XVIII/IV/149894715','Paket Software Design Corel - photoshop - autocad USB Flashdisk Sandisk 16GB','65000','90000','1','2018-04-19 06:42:34','admin'),('INV/20180411/XVIII/IV/150689248','Paket Software Design Corel - photoshop - autocad USB Flashdisk Sandisk 16GB','65000','90000','1','2018-04-19 06:42:34','admin'),('INV/20180413/XVIII/IV/151175929','Paket Software Design Corel - photoshop - autocad USB Flashdisk Sandisk 16GB','65000','90000','1','2018-04-19 06:42:34','admin'),('INV/20180414/XVIII/IV/151452997','Paket Software Design Corel - photoshop - autocad USB Flashdisk Sandisk 16GB','65000','90000','1','2018-04-19 06:42:34','admin'),('INV/20180414/XVIII/IV/151503180','USB Flashdisk Bootable Windows 32GB Dilengkapi Driver Pack 2017','121500','179000','1','2018-04-19 06:42:34','admin'),('INV/20180416/XVIII/IV/151924541','Paket Software Multimedia - After Effects - Premiere Pro USB Flashdisk Sandisk 16GB','65000','90000','1','2018-04-21 07:08:23','admin'),('INV/20180416/XVIII/IV/152008216','Paket Software Design Corel - photoshop - autocad USB Flashdisk Sandisk 16GB','65000','90000','1','2018-04-21 06:27:54','admin'),('INV/20180417/XVIII/IV/152193402','Paket Software Design Corel - photoshop - autocad USB Flashdisk Sandisk 16GB','65000','90000','1','2018-04-21 06:27:54','admin'),('INV/20180418/XVIII/IV/152381115','Paket Software Design Corel - photoshop - autocad USB Flashdisk Sandisk 16GB','63900','90000','1','2018-04-22 08:12:55','admin'),('INV/20180418/XVIII/IV/152381115','Paket Software Multimedia - After Effects - Premiere Pro USB Flashdisk Sandisk 16GB','63900','90000','1','2018-04-22 08:12:55','admin');

/*Table structure for table `penjualan_header` */

DROP TABLE IF EXISTS `penjualan_header`;

CREATE TABLE `penjualan_header` (
  `CategoryId` varchar(10) DEFAULT NULL,
  `Tanggal` datetime DEFAULT '0000-00-00 00:00:00',
  `IDTransaksi` varchar(50) NOT NULL,
  `TransaksiDropshipper` varchar(20) DEFAULT NULL,
  `NamaDropshipper` varchar(50) DEFAULT NULL,
  `DetailDropshipper` varchar(50) DEFAULT NULL,
  `Penjual` varchar(50) DEFAULT NULL,
  `Pembeli` varchar(50) DEFAULT NULL,
  `HPPembeli` varchar(20) DEFAULT NULL,
  `AlamatPembeli` varchar(100) DEFAULT NULL,
  `KecamatanPembeli` varchar(50) DEFAULT NULL,
  `KotaPembeli` varchar(50) DEFAULT NULL,
  `PropinsiPembeli` varchar(50) DEFAULT NULL,
  `KodePosPembeli` varchar(10) DEFAULT NULL,
  `BiayaPengiriman` decimal(10,0) DEFAULT NULL,
  `BiayaAsuransi` decimal(10,0) DEFAULT NULL,
  `TotalTerbayar` decimal(10,0) DEFAULT NULL,
  `Kurir` varchar(50) DEFAULT NULL,
  `KodeTracking` varchar(25) DEFAULT NULL,
  `Status` varchar(50) DEFAULT NULL,
  `UpdateDate` datetime DEFAULT '0000-00-00 00:00:00',
  `UpdateUser` varchar(10) DEFAULT NULL,
  PRIMARY KEY (`IDTransaksi`)
) ENGINE=InnoDB DEFAULT CHARSET=latin1;

/*Data for the table `penjualan_header` */

insert  into `penjualan_header`(`CategoryId`,`Tanggal`,`IDTransaksi`,`TransaksiDropshipper`,`NamaDropshipper`,`DetailDropshipper`,`Penjual`,`Pembeli`,`HPPembeli`,`AlamatPembeli`,`KecamatanPembeli`,`KotaPembeli`,`PropinsiPembeli`,`KodePosPembeli`,`BiayaPengiriman`,`BiayaAsuransi`,`TotalTerbayar`,`Kurir`,`KodeTracking`,`Status`,`UpdateDate`,`UpdateUser`) values ('BL','2017-05-27 21:09:06','170427818977','Tidak','-','-','GP Comp','Amin Iskandar','082115656191','Kp. Leuweungmalang Ds. SukaresmiKec. Cikarang Selatan - Bekasi','Cikarang Selatan','Kab. Bekasi','Jawa Barat','17851','9000','0','109000','JNE REG','013610181330217','Diterima & Selesai','2017-12-29 11:24:59','admin'),('BL','2017-06-07 12:39:50','170436584647','Tidak','-','-','GP Comp','irfan','08157741773','Apotek ILNA FARMA jl raya babelan rt 06 rw 01 no 14babelan bekasi','Babelan','Kab. Bekasi','Jawa Barat','17610','9000','0','109000','JNE REG','013610190918317','Diterima & Selesai','2017-12-29 11:24:58','admin'),('BL','2017-06-10 04:36:41','170438484132','Tidak','-','-','GP Comp','muhammad ardiyani','085393434682','jl. dr. murjani gang kurnia RT: 001 RW: 008 (disamping rumah haji ijai)','Pahandut','Palangkaraya','Kalimantan Tengah','73111','33000','0','133000','JNE REG','013610194476917','Diterima & Selesai','2017-12-29 11:24:58','admin'),('BL','2017-07-11 10:59:38','170456336707','Tidak','-','-','GP Comp','Achmad Suherlan','083824927471','achmad suherlanda. H.Sobari Rt 03/03 dusun 02 Desa pabuaran lorKec. Pabuaran - Kab. Cirebon.Kab. Cir','Cirebon Barat','Cirebon','Jawa Barat','45188','11000','0','111000','JNE REG','013610218230317','Diterima & Selesai','2017-12-29 11:24:58','admin'),('BL','2017-07-12 12:21:10','170457147292','Tidak','-','-','GP Comp','Rendy Renaldy','08998512555','Dusun Karajan Desa Mekarjaya rt/rw 01/01 Kec Purwasari Kab Karawang','Purwasari','Karawang','Jawa Barat','41373','22000','0','122000','JNE YES','013610218411417','Diterima & Selesai','2017-12-29 11:24:58','admin'),('BL','2017-07-15 09:58:47','170459057087','Tidak','-','-','GP Comp','MUJI ALWAAN NAWWAF','081911127117','jalan sultan hasanudin no. 35  toko minyak wangi abu iqbal sebelah pasar.','Tambun Selatan','Kab. Bekasi','Jawa Barat','17510','6000','0','106000','Wahana Tarif Normal','AEL25475','Diterima & Selesai','2017-12-29 11:24:58','admin'),('BL','2017-07-17 11:03:34','170460232492','Tidak','-','-','GP Comp','Rido Kurniawan','089660551054','Giant Ekstra Sentul, Funworld lantai 1 ,Jl. M.H. Thamrin (Sentul City), Bogor 16810, Jawa Barat','Citeureup','Kab. Bogor','Jawa Barat','16810','18000','0','118000','JNE YES','013610222689117','Diterima & Selesai','2017-12-29 11:24:58','admin'),('BL','2017-07-20 14:41:58','170462408932','Tidak','-','-','GP Comp','Anggiat','082111810498','Jl. anyer 2 no 13 RT 003 RW 02 kelurahan menteng','Menteng','Jakarta Pusat','DKI Jakarta','10310','9000','0','109000','JNE REG','013610227960017','Diterima & Selesai','2017-12-29 11:24:58','admin'),('BL','2017-07-21 20:08:31','170463230487','Ya','GP Comp','','GP Comp','ali cell','082113344133','jl.sukarno hattaRt:5','Talisayan','Berau','Kalimantan Timur','77372','82000','0','182000','JNE REG','010570193855617','Diterima & Selesai','2017-12-29 11:24:58','admin'),('BL','2017-07-24 22:05:47','170464986472','Tidak','-','-','GP Comp','Anang Wijayanto','081333113587','JL. ROGONOTO GANG MERDEKA 126RT 03 / RW 04 KELURAHAN LOSARISINGOSARI - MALANGJAWA TIMUR','Singosari','Kab. Malang','Jawa Timur','65153','33000','0','133000','JNE REG','013610233109017','Diterima & Selesai','2017-12-29 11:24:58','admin'),('BL','2017-07-27 18:17:05','170467165857','Tidak','-','-','GP Comp','okky','0818996559','ruko sedayu square blok C no 22, jl. kamal outer ringroad, cengkareng, jakbar','Cengkareng','Jakarta Barat','DKI Jakarta','11730','9000','0','109000','JNE REG','013610236283117','Diterima & Selesai','2017-12-29 11:24:58','admin'),('BL','2017-07-28 11:34:08','170467588117','Tidak','-','-','GP Comp','Agustinus Herry','089621233440','Jl. Bojong Koneng - Telaga Murni no.103 RT 003/02 Telaga Murni, Cikarang Barat ( depan makam Telaga ','Cikarang Barat','Kab. Bekasi','Jawa Barat','17520','9000','0','109000','JNE REG','013610237495317','Diterima & Selesai','2017-12-29 11:24:58','admin'),('BL','2017-08-04 22:19:23','170473455902','Tidak','-','-','GP Comp','dasep nurman','0817221819','abie komputer jln.sukadana no 72 cikajang garut','Cikajang','Garut','Jawa Barat','44171','18000','0','118000','JNE REG','013610247014417','Diterima & Selesai','2017-12-29 11:24:58','admin'),('BL','2017-08-08 08:16:19','170475784257','Tidak','-','-','GP Comp','Yudho','08567877429','jl Anggrek 3 no 25, kompleks Larangan Indah, Ciledug, Tangerang','Larangan','Tangerang','Banten','15154','18000','0','118000','JNE YES','013610249710717','Diterima & Selesai','2017-12-29 11:24:58','admin'),('BL','2017-08-11 13:45:32','170478316857','Tidak','-','-','GP Comp','Dadang','083805655077','jl. Kramat asem raya no.4   Rt05/Rw04 utankayu jakarta timur','Matraman','Jakarta Timur','DKI Jakarta','13120','9000','0','109000','JNE REG','013610254649317','Diterima & Selesai','2017-12-29 11:24:58','admin'),('BL','2017-08-14 13:17:50','170480121102','Tidak','-','-','GP Comp','ASEP SUPRIATNA','085798582848','KANTOR PDAM TIRTA BUMI WIBAWA KOTA SUKABUMI  Jl. Kadudampit Km. 1,4 Nagrak Jambatan Ds. Sukasari RT.','Cisaat','Kab. Sukabumi','Jawa Barat','43152','10000','0','110000','JNE REG','013610143975217','Diterima & Selesai','2017-12-29 11:24:58','admin'),('BL','2017-08-15 12:01:38','170480774357','Tidak','-','-','GP Comp','ibnu sabit','082322297790','dk.kaligadung rt 01 rw 03,penggarutan,bumiayu','Bumiayu','Brebes','Jawa Tengah','52273','21000','0','121000','JNE REG','013610258168517','Diterima & Selesai','2017-12-29 11:24:58','admin'),('BL','2017-08-18 12:33:24','170482655657','Tidak','-','-','GP Comp','Aditya Wiranda','081319543058','Gedung menara bank BTN Jl. Gajah Mada no 1 lantai 11 Sharia DivisonDKI Jakarta - Kota Jakarta Pusat ','Gambir','Jakarta Pusat','DKI Jakarta','10130','9000','0','109000','JNE REG','013610261328617','Diterima & Selesai','2017-12-29 11:24:58','admin'),('BL','2017-09-12 09:50:58','170501499087','Tidak','-','-','GP Comp','HERMAN','089601130340','Jln.L  RT 004/04 No.40Kel: Slipi','Palmerah','Jakarta Barat','DKI Jakarta','11410','9000','0','109000','JNE REG','013610290105417','Diterima & Selesai','2017-12-29 11:24:58','admin'),('BL','2017-09-13 20:02:34','170502678392','Tidak','-','-','GP Comp','m nanang fauzi','081931890999','Jl.soekarno hatta no.442 Bandung, PT. LEN persero - gedung T lantai 2 ( LRS )','Batununggal','Bandung','Jawa Barat','40254','11000','0','111000','JNE REG','010570220423017','Diterima & Selesai','2017-12-29 11:24:58','admin'),('BL','2017-09-15 12:18:59','170503816777','Tidak','-','-','GP Comp','Ivan Loga','085369777700','(DI AMBIL SENDIRI)JNE TUGUMULYO 2 LOGA CELL (DEPAN BANK MUAMALAT)jl.lintas timur pasar tugu mulyo','Palembang','Palembang','Sumatera Selatan','30657','22000','0','122000','JNE REG','010570221843017','Diterima & Selesai','2017-12-29 11:24:58','admin'),('BL','2017-09-18 13:17:27','170505792422','Tidak','-','-','GP Comp','Muhammad Hasan','085715182101','Jl. Kepu dalam X , ( SDN Kemayoran 01 Pagi ) Kel. Kemayoran  Jakarta Pusat','Kemayoran','Jakarta Pusat','DKI Jakarta','10620','9000','0','109000','JNE REG','013530007020117','Diterima & Selesai','2017-12-29 11:24:58','admin'),('BL','2017-09-20 17:55:23','170507783902','Tidak','-','-','GP Comp','iyus','083870665570','jl.lodan raya,komplek lodan center blok i5','Pademangan','Jakarta Utara','DKI Jakarta','14430','9000','0','109000','JNE REG','013530001378217','Diterima & Selesai','2017-12-29 11:24:58','admin'),('BL','2017-09-25 01:07:15','170511038842','Tidak','-','-','GP Comp','Dany Kurniawan','081296956290','PT Waskita Karya zona HK-3 ,Desa Gedong Srimulyo ( samping balai desa)','Way Serdang','Mesuji','Lampung','34999','47000','0','132000','JNE REG','013530000424817','Diterima & Selesai','2017-12-29 11:24:58','admin'),('BL','2017-09-26 09:22:37','170512040647','Tidak','-','-','GP Comp','SAEPUL MISBAH','083818200005','Jl. Bangbayang, Kp. Cipari, RT 03, RW 02, Desa Cisaat','Cicurug','Kab. Sukabumi','Jawa Barat','43159','17000','0','107000','JNE REG','013610305443117','Diterima & Selesai','2017-12-29 11:24:58','admin'),('BL','2017-09-26 22:14:50','170512709847','Tidak','-','-','GP Comp','Eko prasetio budi','082375489888','Jl raya balimbing/jalan raya gisting, Gisting Bawah blok 2 dusun 4 rt 012 rw 006. Kel. Gisting bawah','Gisting','Tanggamus','Lampung','35678','18685','0','307685','Pos Kilat Khusus','15593538592','Diterima & Selesai','2017-12-29 11:24:58','admin'),('BL','2017-09-27 18:16:43','170513369587','Tidak','-','-','GP Comp','Denny Armansyah','08121091207','Citra Gran Cluster Central Garden G-19 / 30 Cibubur.','Jatisampurna','Bekasi','Jawa Barat','17435','8080','0','98080','Pos Kilat Khusus','15593539037','Diterima & Selesai','2017-12-29 11:24:58','admin'),('BL','2017-09-28 14:47:08','170514058437','Tidak','-','-','GP Comp','Yan Rinaldi','081808908532','Mutiara Gading Timur Blok Q3 No.27','Mustika Jaya','Bekasi','Jawa Barat','17158','9000','0','118000','JNE REG','013610308280117','Diterima & Selesai','2017-12-29 11:24:58','admin'),('BL','2017-09-28 15:30:04','170514095052','Tidak','-','-','GP Comp','iksan','081319907417','Rt. 002/03 Cilandak Timur Pasar Minggu','Pasar Minggu','Jakarta Selatan','DKI Jakarta','12560','9000','0','118000','JNE REG','013610312251817','Diterima & Selesai','2017-12-29 11:24:58','admin'),('BL','2017-10-01 14:01:27','170516241477','Tidak','-','-','GP Comp','noval / nvlcloth','081379352794','air perikan, jl. cekdin depan sekolah Mts dari hikmah, kel. nendagung','Pagar Alam Selatan','Pagar Alam','Sumatera Selatan','31527','33000','0','123000','JNE REG','013530005450417','Diterima & Selesai','2017-12-29 11:24:58','admin'),('BL','2017-10-01 19:57:02','170516451637','Tidak','-','-','GP Comp','AHMAD SARMILI','08111732123','RAWA BEBEK RT007/12 N105 KOTABARU BEKASI','Bekasi Barat','Bekasi','Jawa Barat','17139','9000','0','99000','JNE REG','013530005122217','Diterima & Selesai','2017-12-29 11:24:58','admin'),('BL','2017-10-02 04:56:40','170516694192','Tidak','-','-','GP Comp','abraham leatemia','081212987484','jl karet karya 1 no 11 tt 04 rw 02','Setiabudi','Jakarta Selatan','DKI Jakarta','12910','9000','0','118000','JNE REG','013530006553817','Diterima & Selesai','2017-12-29 11:24:58','admin'),('BL','2017-10-03 11:26:55','170517841282','Tidak','-','-','GP Comp','ANDRI ISWANTO','085733337522','Perumahan Graha Eksekutif no.5, Latsari VI, Latsari, Tuban - 62314.','Tuban','Tuban','Jawa Timur','62314','24000','0','133000','JNE REG','013530007728617','Diterima & Selesai','2017-12-29 11:24:58','admin'),('BL','2017-10-07 17:44:26','170521236262','Tidak','-','-','GP Comp','Rahmat Arif Nugroho','085213469722','Perum d parahyangan blok e no.7 RT.04 RW.03 desa Wadas','Telukjambe Timur','Karawang','Jawa Barat','41361','10000','0','100000','JNE REG','010900390397417','Diterima & Selesai','2017-12-29 11:24:58','admin'),('BL','2017-10-07 22:30:02','170521378842','Tidak','-','-','GP Comp','muherwan','081370130329','PLN Area Rantauprapat Jln.Listrik No.1 Rantauprapat','Rantau Utara','Labuhanbatu','Sumatera Utara','21411','50000','0','140000','JNE REG','010900390396517','Diterima & Selesai','2017-12-29 11:24:57','admin'),('BL','2017-10-14 14:33:08','170526777622','Tidak','-','-','GP Comp','dendy','085883664698','jln gelatik no 105 rt02 rw003 kelurahan sawah kecamatan ciputat','Ciputat','Tangerang Selatan','Banten','15414','19000','0','128000','J&T REG','888040659027','Diterima & Selesai','2017-12-29 11:24:57','admin'),('BL','2017-10-20 09:03:31','170531247302','Tidak','-','-','GP Comp','chery','089676601006','PERUM TAMAN GRIYAJL.DANAU TAMBLINGAN XII NO 11 KELURAHAN JIMBARAN','Kuta Selatan','Badung','Bali','80361','35000','0','125000','J&T REG','JD0001825743','Diterima & Selesai','2017-12-29 11:24:57','admin'),('BL','2017-10-20 16:28:02','170531619107','Tidak','-','-','GP Comp','zulhamsyah sinaga','085373560687','jln.mulawarman no. 08 rt. 46 tarakan, kalimantan utara (PT. united tractors) zulhamsyah sinaga,08537','Tarakan Barat','Tarakan','Kalimantan Utara','77111','30000','0','120000','Wahana Tarif Normal','AFQ43867','Diterima & Selesai','2017-12-29 11:24:57','admin'),('BL','2017-10-21 19:28:53','170532466362','Tidak','-','-','GP Comp','Budianto','08156091221','Jl. Situ Aksan No. 31','Babakanciparay','Bandung','Jawa Barat','40221','11000','0','120000','J&T REG','888046694385','Diterima & Selesai','2017-12-29 11:24:57','admin'),('BL','2017-10-22 19:50:12','170533126702','Tidak','-','-','GP Comp','TOTO ARIANTO','081315802251','PT.Siko Nakamura Dwi Karya.Kawasan Pancatama Blok E57,Kel Leuwilimus,Kec Cikande.Kabupaten Serang Ba','Cikande','Kab. Serang','Banten','42186','14000','0','104000','J&T REG','JD0001869903','Diterima & Selesai','2017-12-29 11:24:57','admin'),('BL','2017-10-23 10:40:42','170533508792','Tidak','-','-','GP Comp','nanang','081394849680','SMK YBKP3 GARUT JL TERUSAN PEMBANGUNAN NO.692 PATARUMAN GARUT  44151','Tarogong Kidul','Garut','Jawa Barat','44151','14000','0','123000','J&T REG','JD0001870114','Diterima & Selesai','2017-12-29 11:24:57','admin'),('BL','2017-10-23 18:49:55','170533927212','Tidak','-','-','GP Comp','Kemal','085282505200','jl. abragem blok E-06 RT/RW 02/04','Wonosobo','Wonosobo','Jawa Tengah','56311','22220','0','112220','Pos Kilat Khusus','15822644416','Diterima & Selesai','2017-12-29 11:24:57','admin'),('BL','2017-10-25 23:07:03','170535854987','Tidak','-','-','GP Comp','Agusman','0811429890','Gading Serpong Sektor 1D, Jl. Kelapa Kopyor 3, Blok CA 4, No: 9-10','Kelapa Dua','Kab. Tangerang','Banten','15810','6000','0','115000','Wahana Tarif Normal','AFS06736','Diterima & Selesai','2017-12-29 11:24:57','admin'),('BL','2017-10-28 22:10:28','170538388147','Tidak','-','-','GP Comp','Anwar/Lathifah','085104638402','Desa klagen serut rt 17 rw5 dukuh ngerco kec jiwan kab Madiun','Jiwan','Kab. Madiun','Jawa Timur','63161','26000','0','135000','J&T REG','JD0002032455','Diterima & Selesai','2017-12-29 11:24:57','admin'),('BL','2017-10-29 08:06:49','170538536327','Tidak','-','-','GP Comp','Fajri Altsani','08996950013','Kaliabang Tengah - Jl. Kelinci 2 - Rt/Rw : 007/015 - No : 23','Bekasi Utara','Bekasi','Jawa Barat','17125','10000','0','100000','J&T REG','JD0002032456','Diterima & Selesai','2017-12-29 11:24:57','admin'),('BL','2017-11-03 11:33:29','170543350777','Tidak','-','-','GP Comp','Aditya Wiranda','081319543058','Gedung menara bank BTN Jl. Gajah Mada no 1 lantai 11 Sharia DivisonDKI Jakarta - Kota Jakarta Pusat ','Gambir','Jakarta Pusat','DKI Jakarta','10130','9000','0','118000','JNE REG','010900392171217','Diterima & Selesai','2017-12-29 11:24:57','admin'),('BL','2017-11-06 01:23:10','170545492682','Tidak','-','-','GP Comp','ruli gartika','081221346125','jl. golf no.b-14 ujungberung','Arcamanik','Bandung','Jawa Barat','40294','11000','0','101000','J&T REG','JD0002291592','Diterima & Selesai','2017-12-29 11:24:57','admin'),('BL','2017-11-06 23:33:12','170546469217','Tidak','-','-','GP Comp','Subani','081281655642','Asrama yonif 203/AK jln Gatot Subroto km6 rw 01 RT 10 Kel Gandasari','Jatiuwung','Tangerang','Banten','15137','10000','0','100000','J&T REG','JD0002329457','Diterima & Selesai','2017-12-29 11:24:57','admin'),('BL','2017-11-07 09:56:54','170546740572','Tidak','-','-','GP Comp','Beni Abdillah. CV RAU','085223522507','Salamnunggal. Rt/Rw. 01/08. Sirnagalih','Indihiang','Tasikmalaya','Jawa Barat','46151','13000','0','103000','TIKI Reg','030081226589','Diterima & Selesai','2017-12-29 11:24:57','admin'),('BL','2017-11-08 11:14:31','170547906357','Tidak','-','-','GP Comp','agus','081286322539','java phone ,pulogadung trade center Lt.1 Blok A no.23,jl.raya bekasi-jakarta timur','Duren Sawit','Jakarta Timur','DKI Jakarta','13460','18000','0','108000','JNE YES','010900392480817','Diterima & Selesai','2017-12-29 11:24:57','admin'),('BL','2017-11-10 16:11:37','170550108052','Tidak','-','-','GP Comp','Yanto','085695183122','jalan raya bogor km 33,gang sawo rt 06/02 no 43','Cimanggis','Depok','Jawa Barat','16453','9000','0','99000','JNE REG','013610356232917','Diterima & Selesai','2017-12-29 11:24:57','admin'),('BL','2017-11-10 16:31:28','170550125412','Tidak','-','-','GP Comp','Anang Wijayanto','081333113587','JL. ROGONOTO GANG MERDEKA 126RT 03 / RW 04 KELURAHAN LOSARISINGOSARI - MALANGJAWA TIMUR','Singosari','Kab. Malang','Jawa Timur','65153','33000','0','142000','J&T REG','888048126776','Diterima & Selesai','2017-12-29 11:24:57','admin'),('BL','2017-11-13 10:41:16','170552439977','Tidak','-','-','GP Comp','Eksi Prasetyaningrum','085349595009','Jl Musang Blok ii No 8 RT 18 BTN Pupuk Kaltim','Bontang Utara','Bontang','Kalimantan Timur','75313','69000','0','159000','J&T REG','JD0002510164','Diterima & Selesai','2017-12-29 11:24:57','admin'),('BL','2017-11-13 21:00:17','170553020487','Tidak','-','-','GP Comp','Sutrisno','085273551116','dusun 1 suka mulya rt002 rw001 kelurahan suka mulya','Lempuing','Ogan Komering Ilir','Sumatera Selatan','30657','42000','0','151000','J&T REG','JD0002547893','Diterima & Selesai','2017-12-29 11:24:57','admin'),('BL','2017-11-14 14:44:01','170553695382','Tidak','-','-','GP Comp','Rolandius','081225132287','Tanggul Mas Timur 137','Semarang Utara','Semarang','Jawa Tengah','50177','18000','0','127000','J&T REG','JD0002547894','Diterima & Selesai','2017-12-29 11:24:57','admin'),('BL','2017-11-16 05:59:48','170555209037','Tidak','-','-','GP Comp','Iskandar','089685742426','Jati baru -  bubulak kel. Tanjungpura kec. Karawang barat rt. 02 rw. 07 no. 26','Karawang Barat','Karawang','Jawa Barat','41316','10000','0','119000','J&T REG','JD0002613424','Diterima & Selesai','2017-12-29 11:24:57','admin'),('BL','2017-11-16 19:17:59','170555919242','Tidak','-','-','GP Comp','Adhe Syafi\'i Ridwan','087879393690','MA Nihayatul Amal Rawamerta (Belakang Polsek Rawamerta), Jl Kaum Ash Shodiqien Komplek Pondok Pesant','Rawamerta','Karawang','Jawa Barat','41382','10000','0','100000','JNE REG','010900393489717','Diterima & Selesai','2017-12-29 11:24:57','admin'),('BL','2017-11-16 19:21:59','170555922562','Tidak','-','-','GP Comp','Adhe Syafi\'i Ridwan','087879393690','MA Nihayatul Amal Rawamerta (Belakang Polsek Rawamerta), Jl Kaum Ash Shodiqien Komplek Pondok Pesant','Rawamerta','Karawang','Jawa Barat','41382','10000','0','119000','JNE REG','010900393489717','Diterima & Selesai','2017-12-29 11:24:57','admin'),('BL','2017-11-19 21:11:08','170558624207','Tidak','-','-','GP Comp','Hayatuddin','085888358199','Jl.Angsana Dalam No.47c Rt.005/05','Kebon Jeruk','Jakarta Barat','DKI Jakarta','11530','9000','0','118000','JNE REG','010900393393217','Diterima & Selesai','2017-12-29 11:24:57','admin'),('BL','2017-11-20 15:59:49','170559431252','Tidak','-','-','GP Comp','Dhenatika (Ibu Dhyas)','081316328753','Kp berkat RT 02/RW 01(Belakang Agen JNE 192), Kalisuren','Tajurhalang','Kab. Bogor','Jawa Barat','16320','9000','0','118000','JNE REG','010900393777817','Diterima & Selesai','2017-12-29 11:24:57','admin'),('BL','2017-11-23 10:32:15','170562069642','Tidak','-','-','GP Comp','Heru Khaerul Rohman','085222930233','Bengkel bpk waryat,blok badak Rt/Rw 010/002 Desa mundak jaya.','Cikedung','Indramayu','Jawa Barat','45262','10000','0','119000','Wahana Tarif Normal','AGB37232','Diterima & Selesai','2017-12-29 11:24:57','admin'),('BL','2017-11-25 08:42:48','170563759714','Tidak','-','-','GP Comp','ERLANGGA TIRTA AGUSTINUS','083865595535','Alamat: Jalan Kyai Haji Wahid Hasyim No. 101 - 103, Karangklesem, Purwokerto, Jawa Tengah 53144, Ind','Banyumas','Banyumas','Jawa Tengah','53144','27000','0','136000','J&T REG','JD0002867485','Diterima & Selesai','2017-12-29 11:24:57','admin'),('BL','2017-11-26 14:16:04','170564913204','Tidak','-','-','GP Comp','fahmi fachri','081311171721','jl. bukit raya, perumahan roswood garden blok F no 8  , serua indah, ciputat , tangerang selatan','Ciputat','Tangerang Selatan','Banten','15414','9000','0','99000','JNE REG','010900394200317','Diterima & Selesai','2017-12-29 11:24:57','admin'),('BL','2017-11-27 12:25:52','170565864864','Tidak','-','-','GP Comp','Don Adjie Poerwanto','081909304555','Jl. Jend. Sudirman No. 16','Purwakarta','Purwakarta','Jawa Barat','41114','14000','0','123000','J&T REG','JD0002940516','Diterima & Selesai','2017-12-29 11:24:57','admin'),('BL','2017-12-02 13:28:31','170571264529','Tidak','-','-','GP Comp','Ahmad Bashir','085692085114','Taman Gebang Raya Blok K5 Rt 04 Rw 06 Kel.Gebang Raya Kec.Periuk Kota Tangerang Prov.Banten 15132','Periuk','Tangerang','Banten','15132','9000','0','118000','JNE REG','013610380537117','Diterima & Selesai','2017-12-29 11:24:57','admin'),('BL','2017-12-04 13:39:00','170573190819','Tidak','-','-','GP Comp','andre','08562980711','Jl. Swadaya Kp. Rw. Badung No. 27B, RT/RW 004/013 kel, Jatinegara, kec, Cakung, Kota Jakarta Timur, ','Cakung','Jakarta Timur','DKI Jakarta','13930','18000','0','127000','JNE YES','010900394572317','Diterima & Selesai','2017-12-29 11:24:57','admin'),('BL','2017-12-06 11:59:01','170575351214','Tidak','-','-','GP Comp','Ayub','081319534973','Jl. Bhineka No. 13 RT 001/02','Ciputat','Tangerang Selatan','Banten','15411','10000','0','100000','J&T REG','JD0003260623','Diterima & Selesai','2017-12-29 11:24:57','admin'),('BL','2017-12-08 11:20:43','170577386764','Tidak','-','-','GP Comp','kurniaraffa','082136302900','jl asparagus no 1f rt.04 rw.10 sukabumi utara kebonjeruk jakarta barat','Kebon Jeruk','Jakarta Barat','DKI Jakarta','11540','10000','0','119000','J&T REG','JD0003346078','Diterima & Selesai','2017-12-29 11:24:57','admin'),('BL','2017-12-10 12:48:52','170579271924','Tidak','-','-','GP Comp','ridwan','081584015988','Allegra residence, jln. kemang raya no. 59 (samping bang BCA)','Mampang Prapatan','Jakarta Selatan','DKI Jakarta','12730','10000','0','119000','J&T REG','JD0003436673','Diterima & Selesai','2017-12-29 11:24:57','admin'),('BL','2017-12-12 20:07:14','170582319439','Tidak','-','-','GP Comp','Dul Ikhrom','087885598025','Gedung bank panin senayan lt.7 Jl. Jend sudirman jakarta pusat jakarta 10270( bunderan senayan victo','Tanah Abang','Jakarta Pusat','DKI Jakarta','10270','9000','0','99000','JNE REG','010900395354417','Diterima & Selesai','2017-12-29 11:24:57','admin'),('BL','2017-12-13 22:21:52','170583946454','Tidak','-','-','GP Comp','SHINTA DEVI','082133079557','Jl.cisalak Perum Cisalak Pratama No.28A','Cipedes','Tasikmalaya','Jawa Barat','46131','13000','0','103000','TIKI Reg','030084113849','Diterima & Selesai','2017-12-29 11:24:57','admin'),('BL','2017-12-14 11:39:22','170584523154','Tidak','-','-','GP Comp','Bara Raka Aditya','085237176246','jalan adi santoso,  gang kentang, kost bpk kasim, kel. ardirejo, kec. kepanjen, kab.Malang, jawa tim','Kepanjen','Kab. Malang','Jawa Timur','65163','26000','0','135000','J&T REG','JD0003585280','Diterima & Selesai','2017-12-29 11:24:57','admin'),('BL','2017-12-16 15:48:29','170587413889','Tidak','-','-','GP Comp','putra ucke','081288997272','Aeon credit service indonesiaPlaza Kuningan, Menara Selatan, 3A Floor, Jl. HR. Rasuna Said Kav. C11 ','Setiabudi','Jakarta Selatan','DKI Jakarta','12940','9000','0','99000','JNE REG','010900395828217','Diterima & Selesai','2017-12-29 11:24:57','admin'),('BL','2017-12-16 16:52:00','170587469109','Tidak','-','-','GP Comp','Bp. Paksi','081226939642','Jatisari Indah Blok A8 No.10Mangga V RT3 RW5Perumahan BSB-Jatisari Mijen Semarang Barat','Mijen','Semarang','Jawa Tengah','50275','18000','0','108000','JNE REG','010900395355317','Diterima & Selesai','2018-01-17 09:20:24','admin'),('BL','2017-12-21 11:14:54','170592533259','Tidak','-','-','GP Comp','Khaidir','085211225558','Jl.Anggrek Rosliana IV No.29 Rt.007 Rw.005  Kemanggisan Palmerah','Palmerah','Jakarta Barat','DKI Jakarta','11480','9000','0','188000','TIKI Reg','030084861798','Diterima & Selesai','2018-01-17 09:20:24','admin'),('BL','2017-12-25 11:55:55','170596325174','Tidak','-','-','GP Comp','Ehrse Dwi Winastyo','08161940660','Jl. Gili Sampeng No. 36 C. RT.011 RW.005Kebon Jeruk','Kebon Jeruk','Jakarta Barat','DKI Jakarta','11530','10000','0','119000','J&T REG','JD0003978973','Diterima & Selesai','2018-01-17 09:20:24','admin'),('BL','2017-12-26 14:08:42','170597463839','Ya','mozastore','0895353448448','GP Comp','D.net','087818308398','Jl. Tanjung Raya II komp. delima mas no. A1  kel. saigon.','Pontianak Timur','Pontianak','Kalimantan Barat','78232','30000','0','120000','JNE REG','013610417321117','Diterima & Selesai','2018-01-17 09:20:24','admin'),('BL','2017-12-27 14:57:49','170598607369','Tidak','-','-','GP Comp','Mega Suryono Putri','081319642982','Kp. Sasaktiga Jl. Jati Kubang Hebras Bawah No. 108 Ds. Tridayasakti RT 004/ RW 005  Kecamatan Tambun','Bekasi Timur','Bekasi','Jawa Barat','17510','10000','0','189000','J&T REG','888054449580','Diterima & Selesai','2018-01-17 09:20:24','admin'),('BL','2017-12-29 10:33:30','170600459904','Tidak','-','-','GP Comp','Yuli mama Tasya','081510002214','Jalan Karang Satria Raya Perumahan Royale Residence Blok C No 9','Tambun Utara','Kab. Bekasi','Jawa Barat','17510','9000','0','118000','JNE REG','010900397060517','Diterima & Selesai','2018-01-17 09:20:24','admin'),('BL','2018-01-04 14:50:07','180607413254','Tidak','-','-','GP Comp','M. Zainuddin','08881634156','Jl. Aljauhari 1 no.68 RT.011/003 Kalisari, Pasar Rebo, Jakarta Timur','Pasar Rebo','Jakarta Timur','DKI Jakarta','13790','18000','0','127000','JNE YES','013610005043118','Diterima & Selesai','2018-01-17 09:20:24','admin'),('BL','2018-01-07 19:49:41','180611343869','Tidak','-','-','GP Comp','Tonny Atwinda Supriyadi','085778896713','Perumahan Gramapuri PersadaBlok U7 No.9Ds. Sukajaya, Rt 01 Rw 17Kec. Cibitung, Kab. Bekasi','Cibitung','Kab. Bekasi','Jawa Barat','17521','9000','0','99000','JNE REG','010900000500318','Diterima & Selesai','2018-01-17 09:20:24','admin'),('BL','2018-01-09 07:55:42','180613187214','Tidak','-','-','GP Comp','hendra','081297296364','perumahan Graha harapan blok e14 no 41','Mustika Jaya','Bekasi','Jawa Barat','17165','9000','0','99000','JNE REG','013950005042018','Diterima & Selesai','2018-01-17 09:20:24','admin'),('BL','2018-01-09 11:20:58','180613504194','Tidak','-','-','GP Comp','Agung Setyo Wibowo','083830323264','Jeruk Gg. Tengah no. 70 rt. 02/rw. 02','Lakarsantri','Surabaya','Jawa Timur','60212','19000','0','109000','J&T REG','888040639253','Diterima & Selesai','2018-01-17 09:20:24','admin'),('BL','2018-01-10 13:28:42','180615052064','Tidak','-','-','GP Comp','linda prastiyoso','081234514510','jl.menganti babatan 5f no26 rt07/rw01 kel babatan','Wiyung','Surabaya','Jawa Timur','60227','19000','0','109000','JNE REG','010900000927818','Diterima & Selesai','2018-01-17 09:20:23','admin'),('BL','2018-01-13 11:43:29','180619051969','Tidak','-','-','GP Comp','Reihanza','085691271833','Perumahan Griya Serpong Asri Blok K1 No 6 RT 07 RW 07 Suradita (Samping Masjid Miftahussalam)','Cisauk','Kab. Tangerang','Banten','15343','10000','0','100000','J&T REG','JD0004715351','Diterima & Selesai','2018-01-24 23:52:34','admin'),('BL','2018-01-13 19:40:55','180619562524','Tidak','-','-','GP Comp','Afif Eka Indrayana','085800242978','Ngegot Rt.05/Rw.01, Sumberagung','Klego','Boyolali','Jawa Tengah','57385','20000','0','199000','Wahana Tarif Normal','AGU46064','Diterima & Selesai','2018-01-24 23:52:34','admin'),('BL','2018-01-13 22:24:03','180619713189','Tidak','-','-','GP Comp','stephanus andrian yudistira','082257606186','smk pancasila tambolaka, Ds radamata','Tambolaka','Sumba Barat Daya','Nusa Tenggara Timur','87255','69000','0','248000','TIKI Reg','16321814117','Diterima & Selesai','2018-01-24 23:52:34','admin'),('BL','2018-01-15 08:44:41','180621392184','Tidak','-','-','GP Comp','sutamar','081216045124','pt.sejahtera buana trada (dealer suzuki mobil)jl.sultan agung,pondok ungu, rt 006/07medan satria - h','Medan Satria','Bekasi','Jawa Barat','17182','10000','0','100000','J&T REG','JD0004785653','Diterima & Selesai','2018-01-24 23:52:33','admin'),('BL','2018-01-15 09:07:06','180621424864','Tidak','-','-','GP Comp','Iwan Kurniawan','085920740659','RUSUN JATINEGARA KAUMJl. Raya Bekasi Timur Km.16, Klender, No. 30, RT. 3 RW. 1, RT.3/RW.1, Jatinegar','Pulo Gadung','Jakarta Timur','DKI Jakarta','13250','9000','0','298000','TIKI Reg','030086856966','Diterima & Selesai','2018-01-31 16:16:13','admin'),('BL','2018-01-16 13:19:02','180623381059','Tidak','-','-','GP Comp','ery mustofa','085869259690','perum sukoharjo indah, jl.madukara 1 blok F17.ds. sukoharjo','Margorejo','Pati','Jawa Tengah','59163','27000','0','117000','J&T REG','888054241004','Diterima & Selesai','2018-01-24 23:52:33','admin'),('BL','2018-01-16 17:11:50','180623691669','Tidak','-','-','GP Comp','Muhammad Rinaldi (Aal)','087773176380','Perumahan Duta Indah Residence cluster dolomite blok d1 no 40 kelurahan gebang raya','Periuk','Tangerang','Banten','15132','15000','0','105000','TIKI ONS','030086580611','Diterima & Selesai','2018-01-24 23:52:33','admin'),('BL','2018-01-19 09:23:18','180627432519','Tidak','-','-','GP Comp','edi wahid','087872029025','Jl. Jabaru IV No.7 Pasirkuda','Bogor Barat','Bogor','Jawa Barat','16119','5000','0','114000','Wahana Tarif Normal','AGW13275','Diterima & Selesai','2018-01-31 16:16:13','admin'),('BL','2018-01-24 08:10:29','180633853499','Tidak','-','-','GP Comp','RIZKI RAZAB','0895322178295','JL.CILENGGANG2 NOMOR RUMAH3 RT/RW 02/01 kelurahan cilenggang','Serpong','Tangerang Selatan','Banten','15310','10000','0','119000','J&T REG','888054241070','Diterima & Selesai','2018-01-31 16:16:13','admin'),('BL','2018-01-25 00:55:15','180634999244','Tidak','-','-','GP Comp','SOFYAN','089673415321','JL.raya kadungora garutKab.GarutDS.GandamekarKP.Gandamekar Rt.02 Rw.11 belakang SMPM2-Depan warung B','Kadungora','Garut','Jawa Barat','44153','13000','0','122000','Pos Kilat Khusus','16321817723','Diterima & Selesai','2018-01-31 16:16:13','admin'),('BL','2018-01-29 09:53:32','180641974289','Tidak','-','-','GP Comp','defy sri wahyuni','08119622908','jl. adityawarman 1 no.2','Kebayoran Baru','Jakarta Selatan','DKI Jakarta','12160','20000','0','110000','GO-SEND Same Day','GK-59273120','Diterima & Selesai','2018-02-08 09:36:16','admin'),('BL','2018-01-30 12:08:12','180643967064','Tidak','-','-','GP Comp','Moko','081310010040','d/a Ibu Nindri (depan Rizal Catering) Jl. Kenari No. 11, Rt.02 Rw.02 Karangasem Laweyan Surakarta.','Laweyan','Solo','Jawa Tengah','57145','17000','0','107000','TIKI Reg','030087962788','Diterima & Selesai','2018-02-08 09:36:16','admin'),('BL','2018-02-01 07:54:05','180646727484','Tidak','-','-','GP Comp','Erwin J','081291600051','grand depok city cluster lantana blok A no. 43','Depok','Depok','Jawa Barat','16414','9000','0','99000','JNE REG','013610036967818','Diterima & Selesai','2018-02-08 09:36:16','admin'),('BL','2018-02-01 08:10:43','180646749904','Tidak','-','-','GP Comp','Aila Comp','085702322850','desa pandangan kulon RT 09/05( belakang SMA N 1 Kragan )','Kragan','Rembang','Jawa Tengah','59273','27000','0','206000','J&T REG','JD0005505390','Diterima & Selesai','2018-02-08 09:36:16','admin'),('BL','2018-02-03 04:23:53','180649332209','Tidak','-','-','GP Comp','Aang Sayudin','085888485696','Kp.  Bayah II Rt. 003/002 Desa Bayah Barat Kecamatan Bayah Kabupaten Lebak','Bayah','Lebak','Banten','42393','14000','0','123000','J&T REG','JD0005594757','Diterima & Selesai','2018-02-08 09:36:16','admin'),('BL','2018-02-03 22:57:17','180650517669','Tidak','-','-','GP Comp','Fendi Fitria','08159928667','Komplek Marinir, Blok A1. no 11, rt10/rw06. Kel. Rangkapan Jaya Baru, Kec. Pancoran Mas Depok (dibel','Pancoran Mas','Depok','Jawa Barat','16434','9000','0','99000','JNE REG','013610042315518','Diterima & Selesai','2018-02-08 09:36:16','admin'),('BL','2018-02-04 16:27:29','180651294069','Tidak','-','-','GP Comp','Sofyan Andrianto','85939861482','Perumahan Taman Walet blok Sc.05 No.02 (air minum isi ulang). Dekat SD/SMP/SMK umum Nabila','Pasar Kemis','Kab. Tangerang','Banten','15560','10000','0','100000','J&T REG','JD0005668599','Diterima & Selesai','2018-02-13 10:25:21','admin'),('BL','2018-02-04 20:48:22','180651618004','Ya','verano_store','jakarta','GP Comp','Ruhyat Nasihin','85243000095','Jl.  Raya Palas Bangunan,  Desa Sukamulya, Kecamatan Palas, TB. Usaha Bersama (Rizky Palas), KAB. LA','Palas','Lampung Selatan','Lampung','35594','47000','0','156000','JNE REG','010900000576218','Diterima & Selesai','2018-02-13 10:25:21','admin'),('BL','2018-02-05 16:24:20','180652814264','Tidak','-','-','GP Comp','Dian','81288081471','Jl. Citayam III Gg. Texas No.9 RT.03 RW.02','Pancoran Mas','Depok','Jawa Barat','16431','10000','0','100000','J&T REG','888044570695','Diterima & Selesai','2018-02-13 10:25:21','admin'),('BL','2018-02-08 11:30:36','180657003574','Tidak','-','-','GP Comp','Made Irawan Subagia','0817560603','Jalan Lettu Anom No. 8 Bangli,Bali','Bangli','Bangli','Bali','80613','28000','0','118000','JNE REG','010900004226818','Diterima & Selesai','2018-02-27 09:56:39','admin'),('BL','2018-02-12 08:44:30','180662234539','Tidak','-','-','GP Comp','Arifin Nibebisalira','085299841123','Perumahan Pesona Bunga Rani No. 1 RT. 02 RW. 06 Salu Pangi Kelurahan Pammanu','Belopa Utara','Luwu','Sulawesi Selatan','91994','45000','0','225000','TIKI Reg','030089360982','Diterima & Selesai','2018-02-27 09:56:38','admin'),('BL','2018-02-13 10:25:50','180664021859','Tidak','-','-','GP Comp','alipermadi','08127333684','MAN Muara Tembesi Jl KM 2 Desa Sukaramai Kecamatan Muara Tembesi Batanghari','Muara Tembesi','Batang Hari','Jambi','36653','22500','0','131500','Pos Kilat Khusus','16354544484','Diterima & Selesai','2018-02-27 09:56:38','admin'),('BL','2018-02-13 14:30:04','180664427859','Tidak','-','-','GP Comp','yusuf','085720557777','jl.pojok utara no 17 cimahi...sebelah cimahi sehat','Cimahi Selatan','Cimahi','Jawa Barat','40533','10000','0','189000','Pos Kilat Khusus','16260843652','Diterima & Selesai','2018-02-27 09:56:38','admin'),('BL','2018-02-14 12:43:18','180665772499','Tidak','-','-','GP Comp','very apriansyah','083870081546','Jl. Rawamangun Muka Selatan 2 rt. 002/013 no 24','Pulo Gadung','Jakarta Timur','DKI Jakarta','13220','15000','0','105000','GO-SEND Same Day','GK-62212414','Diterima & Selesai','2018-02-27 09:56:38','admin'),('BL','2018-02-14 15:06:07','180665994029','Tidak','-','-','GP Comp','Fahrur','081360014064','Jln. Ciindah II No. 5 Kelurahan Nusa Jaya Karawaci Kota Tangerang BantenBanten - Kota Tangerang - Ka','Karawaci','Tangerang','Banten','15116','9000','0','118000','JNE REG','010900004422018','Diterima & Selesai','2018-02-27 09:56:38','admin'),('BL','2018-02-15 21:01:31','180667918379','Tidak','-','-','GP Comp','Dana Kurnia','081256750508','Wisma/ kost Rega (depan kost gisela)  kamar no.  25, jalan mawar,  Sario,  Kota Manado tlp. 08125675','Sario','Manado','Sulawesi Utara','95114','47000','0','226000','J&T REG','JD0006169407','Diterima & Selesai','2018-02-27 09:56:38','admin'),('BL','2018-02-17 16:02:17','180670189489','Tidak','-','-','GP Comp','Arief Setiawan','085213076699','Jalan Jendral Ahmad Yani No.14(Toko Surya Dirgantara)','Pandeglang','Pandeglang','Banten','42212','11000','0','101000','J&T REG','JD0006238201','Diterima & Selesai','2018-02-27 09:56:38','admin'),('BL','2018-02-19 09:17:24','180672310194','Tidak','-','-','GP Comp','giyatno','085745540444','jln. mawarNo. 33 Rt.1 Rw.3dsn. semampir ds. semampirejokec. sambeng Kab. lamongan','Sambeng','Lamongan','Jawa Timur','62284','30000','0','209000','J&T REG','JB0000417589','Diterima & Selesai','2018-02-27 09:56:38','admin'),('BL','2018-02-19 11:21:25','180672541489','Tidak','-','-','GP Comp','Fema Akmal','081286229937','Kantor Prambors Radio, Jl. Adityawarman.71 Blok M','Kebayoran Baru','Jakarta Selatan','DKI Jakarta','12160','15000','0','105000','GO-SEND Same Day','GK-63140524','Diterima & Selesai','2018-02-27 09:56:38','admin'),('BL','2018-02-19 18:21:09','180673223279','Tidak','-','-','GP Comp','FAKHRIZAL','081273622290','Kantor Pengadilan Negeri Palembang, Jl. Kapten A. Rivai No. 16, Kel. Sungai Pangeran Kec. IT. I, d/a','Ilir Timur I','Palembang','Sumatera Selatan','30129','22000','0','112000','J&T REG','JB0000429131','Diterima & Selesai','2018-02-27 09:56:38','admin'),('BL','2018-02-21 13:23:11','180676041824','Tidak','-','-','GP Comp','YOYOK','082257981666','Jl. Manukan Lor 2 Raya No. 109','Tandes','Surabaya','Jawa Timur','60185','29000','0','119000','JNE YES','010900004540718','Diterima & Selesai','2018-02-27 09:56:38','admin'),('BL','2018-02-22 06:41:21','180677004369','Tidak','-','-','GP Comp','DENI RAMDAN','081281905052','Jalan A No 11A Rt07/ Rw08 Duri Kepa Kebon Jeruk Jakarta Barat','Kebon Jeruk','Jakarta Barat','DKI Jakarta','11520','7000','0','97000','Grab Parcel Next Day','BLG3T9PT9VBEE42K','Diterima & Selesai','2018-02-27 09:56:38','admin'),('BL','2018-02-22 08:55:31','180677172429','Tidak','-','-','GP Comp','Didik Setiyadi','08886900422','perum bolon asri C-2, RT.03/RW.04. BOLON.','Colomadu','Karanganyar','Jawa Tengah','57178','27000','0','117000','J&T REG','JB0000454295','Diterima & Selesai','2018-02-27 09:56:38','admin'),('BL','2018-02-22 09:46:32','180677256189','Tidak','-','-','GP Comp','alipermadi','08127333684','MAN Muara Tembesi Jl KM 2 Desa Sukaramai Kecamatan Muara Tembesi Batanghari','Muara Tembesi','Batang Hari','Jambi','36653','22500','0','131500','Pos Kilat Khusus','16320576101','Diterima & Selesai','2018-02-27 09:56:38','admin'),('BL','2018-02-23 22:02:15','180679800984','Tidak','-','-','GP Comp','ie ning','08179697060','jl. diponegoro 101 situbondo','Situbondo','Situbondo','Jawa Timur','68311','26000','0','116000','J&T REG','JD0006498892','Diterima & Selesai','2018-03-01 17:56:09','admin'),('BL','2018-02-26 19:36:55','180684078984','Tidak','-','-','GP Comp','Yodenih/mama Aimee','081297710203','cluster vignolia AH 06 No.16 Citra Indah City','Jonggol','Kab. Bogor','Jawa Barat','16835','10000','0','119000','J&T REG','JD0006661993','Diterima & Selesai','2018-03-01 17:56:09','admin'),('BL','2018-02-27 10:40:47','180684876429','Tidak','-','-','GP Comp','Wawan PMS','085694994976','MT. Haryono No. 882','Semarang Selatan','Semarang','Jawa Tengah','50242','18000','0','198000','JNE REG','013610068379318','Diterima & Selesai','2018-03-19 09:29:40','admin'),('BL','2018-02-28 13:34:17','180686772315','Tidak','-','-','GP Comp','Adi Mulia sari','082272470785','Desa atu singkih','Rusip Antara','Aceh Tengah','Nanggroe Aceh Darussalam','24566','64000','0','154000','J&T REG','JB0000516003','Diterima & Selesai','2018-03-19 09:29:40','admin'),('BL','2018-03-02 12:44:58','180690276440','Tidak','-','-','GP Comp','Muhammad Nurokhman','085933714613','Kp. Cijingga RT/RW 001/002 No.476 Desa Serang','Cikarang Selatan','Kab. Bekasi','Jawa Barat','17550','10000','0','100000','J&T REG','JD0006845994','Diterima & Selesai','2018-03-19 09:29:40','admin'),('BL','2018-03-03 15:24:28','180692192195','Tidak','-','-','GP Comp','ELI SETYA','085726531234','CV.Putra Waluya Karya Jl.Ampera Gang Cempaka 6 Sidareja - Cilacap 53261','Sidareja','Cilacap','Jawa Tengah','53261','23000','0','113000','J&T REG','JD0006912269','Diterima & Selesai','2018-03-19 09:29:40','admin'),('BL','2018-03-03 20:34:17','180692664635','Tidak','-','-','GP Comp','Jesicca firly','082297346648','jln.pejuang,harapan indah (dekat bundaran tanah pit) JJ STEAM ,rt :001/rw: 009 no :10','Medan Satria','Bekasi','Jawa Barat','17131','20000','0','110000','GO-SEND Same Day','GK-65290361','Diterima & Selesai','2018-03-19 09:29:40','admin'),('BL','2018-03-05 12:50:02','180695178460','Tidak','-','-','GP Comp','Ahmad Aditya/ iyen','081222111921','Desa Tegalwirangrong Blok Pintu Air RT/RW 013/003 Kecamatan Kertasemaya Kabupaten Indramayu','Kertasemaya','Indramayu','Jawa Barat','45274','18000','0','108000','J&T REG','JB0000572995','Diterima & Selesai','2018-03-21 14:26:46','admin'),('BL','2018-03-05 15:08:07','180695452405','Tidak','-','-','GP Comp','Moch Ricky Setiadi','08989324977','Kp. Jerukmipis RT 01 RW 14 Desa Bojongemas','Solokan Jeruk','Kab. Bandung','Jawa Barat','40382','11000','0','101000','J&T REG','JB0000577280','Diterima & Selesai','2018-03-21 14:26:46','admin'),('BL','2018-03-06 10:19:30','180696776615','Tidak','-','-','GP Comp','Bahrul ilmi','083856885758','Jl.sunan prapen gg 7b no 9 kebondalem sekarkurung','Kebomas','Gresik','Jawa Timur','61121','17500','0','126500','Pos Kilat Khusus','16320579006','Diterima & Selesai','2018-03-21 14:26:46','admin'),('BL','2018-03-06 15:57:19','180697445415','Tidak','-','-','GP Comp','NOVIT WINARTO / IT','082245192978','Jl. Raya Panjunan No.12 Rt. 08 Rw. 02 Desa Panjunan, Kecamatan Sukodono Sidoarjo 61258 / PT. BUMIDIP','Sukodono','Sidoarjo','Jawa Timur','61258','19000','0','109000','J&T REG','JB0000600118','Diterima & Selesai','2018-03-21 14:26:46','admin'),('BL','2018-03-08 13:19:27','180700861580','Tidak','-','-','GP Comp','binsar ompusunggu','081310759283','rs jakarta jln jend sudirman kav 49','Setiabudi','Jakarta Selatan','DKI Jakarta','12930','10000','0','119000','J&T REG','JB0000622233','Diterima & Selesai','2018-03-21 14:26:46','admin'),('BL','2018-03-10 18:14:13','180704748498','Tidak','-','-','GP Comp','Mihan Luriyanto','087877499248','Grand Depok City Cluster Gardenia Blok N6 No.  8 Depok','Sukmajaya','Depok','Jawa Barat','16412','10000','0','100000','J&T REG','JD0007282699','Diterima & Selesai','2018-03-21 14:26:46','admin'),('BL','2018-03-10 23:47:00','180705151103','Tidak','-','-','GP Comp','Ismail','085272525272','Jl. beringin indah (tokojo)Rt 03/14 gang manggiskel. kijang kota','Bintan Timur','Bintan','Kepulauan Riau','29151','67000','0','176000','J&T REG','JD0007282727','Diterima & Selesai','2018-03-21 14:26:46','admin'),('BL','2018-03-11 23:47:33','180706636493','Tidak','-','-','GP Comp','Abdul hamid','081807372278','Krajan RT/RW. 004/001 (Arah Rawagede depan POMINI Samping Musholla Asshodikin) Pasirkaliki','Rawamerta','Karawang','Jawa Barat','41382','10000','0','100000','J&T REG','JD0007378017','Diterima & Selesai','2018-03-21 14:26:46','admin'),('BL','2018-03-12 15:15:32','180707734983','Tidak','-','-','GP Comp','ade mapaita','081282189449','JNE jalan Letjend Suprapto RT.17 no. 57A Balikpapan barat. note: barang di ambil di JNE.','Balikpapan Barat','Balikpapan','Kalimantan Timur','76131','40000','0','130000','J&T REG','013610082923518','Diterima & Selesai','2018-03-21 14:26:46','admin'),('BL','2018-03-12 22:15:12','180708426018','Tidak','-','-','GP Comp','ELFRIDUS PIJER','081254805777','Jl. Pangeran Suryanata Gg. Cempaka','Samarinda Ulu','Samarinda','Kalimantan Timur','75124','46000','0','136000','J&T REG','JD0007444651','Diterima & Selesai','2018-03-21 14:26:46','admin'),('BL','2018-03-13 18:06:20','180709847143','Tidak','-','-','GP Comp','waldiyanto','089646662787','ngemplak rt12/01 kec.mranggen kab.demak','Mranggen','Demak','Jawa Tengah','59567','27000','0','206000','J&T REG','JD0007444650','Diterima & Selesai','2018-03-21 14:26:46','admin'),('BL','2018-03-15 11:31:12','180712631083','Tidak','-','-','GP Comp','Mustaqim','08567667086','jln. Bangka raya no.72','Mampang Prapatan','Jakarta Selatan','DKI Jakarta','12720','15000','0','105000','TIKI ONS','030091333972','Diterima & Selesai','2018-03-21 14:26:46','admin'),('BL','2018-03-16 09:48:48','180714117628','Tidak','-','-','GP Comp','Khalil','08119891401','PT InternuxBerita Satu Plaza, Lantai 7Jalan Jend Gatot Subroto Kav 35-36jakarta Selatan 12950','Setiabudi','Jakarta Selatan','DKI Jakarta','12950','9000','0','99000','JNE REG','013610088887618','Diterima & Selesai','2018-04-08 07:23:57','admin'),('BL','2018-03-17 07:51:29','180715552528','Tidak','-','-','GP Comp','Eris setiawan','085759852591','Jl.Rancakadu no 2 Rt. 005/004 Kel. Sindang palay Kec.Cibeureum Kota Sukabumi (Depan SDN Rancakadu )','Cibeureum','Sukabumi','Jawa Barat','43162','10000','0','100000','J&T REG','JD0007651328','Diterima & Selesai','2018-04-08 07:23:57','admin'),('BL','2018-03-18 07:12:41','180716950193','Tidak','-','-','GP Comp','Teguh Purbaya','081213665647','Perumahan Mutiara Gading CityBlok H3 No. 31 RT 05 RW 017','Babelan','Kab. Bekasi','Jawa Barat','17610','10000','0','119000','J&T REG','JD0007651329','Diterima & Selesai','2018-04-08 07:23:57','admin'),('BL','2018-03-20 08:13:48','180720354309','Tidak','-','-','GP Comp','Agus Mulyana','081902933339','Jl. Sukarame 1 No.122/132E (SAM), RT.05/RW.09, Kel.Cicaheum','Kiaracondong','Bandung','Jawa Barat','40282','11000','0','120000','JNE REG','013610093599518','Diterima & Selesai','2018-04-08 07:23:57','admin'),('BL','2018-03-21 11:35:37','180723159351','Tidak','-','-','GP Comp','giyarti arti','08157705144','Bandengan Rt 06 Rw 02, Bandengan, Jepara. Sunset Village pantai Bandengan Jepara. Rumah kayu pager p','Jepara','Jepara','Jawa Tengah','59432','21000','0','111000','JNE REG','013610091989718','Diterima & Selesai','2018-04-08 07:23:57','admin'),('BL','2018-03-21 17:11:48','180723931528','Tidak','-','-','GP Comp','MOH. MAKSUM SA\'DULLAH','081357755552','SMP NEGERI 2 SUKODADIJl. Desa SukoliloKec. SukodadiKab. LamonganJawa Timur','Sukodadi','Lamongan','Jawa Timur','62253','22000','0','131000','Pos Kilat Khusus','15269510197','Diterima & Selesai','2018-04-08 07:23:57','admin'),('BL','2018-03-22 07:59:26','180725013000','Tidak','-','-','GP Comp','Khairul Ikhsan','082312065397','Jalan Abdullah Daeng Sirua, Kompleks BTN CV Dewi blok B3 no 8','Panakkukang','Makassar','Sulawesi Selatan','90231','48000','0','227000','JNE YES','013950049119618','Diterima & Selesai','2018-04-08 07:23:57','admin'),('BL','2018-03-24 08:45:28','180729553424','Ya','ADENIUM55','085726875539','GP Comp','Gori satria','085239403631','Jalan. Buton No.45, ulak karang, KOTA PADANG, PADANG UTARA, SUMATERA BARAT, ID, 25133','Padang Utara','Padang','Sumatera Barat','25133','28000','0','118000','JNE REG','010570056705718','Diterima & Selesai','2018-04-08 07:23:57','admin'),('BL','2018-03-24 11:23:27','180729911082','Tidak','-','-','GP Comp','Mokhamad Alkhamd','08175206462','Jl. Sonokeling Raya Blok U.6Griya Sunyaragi Permai','Kesambi','Cirebon','Jawa Barat','45135','11000','0','101000','JNE REG','010570056706618','Diterima & Selesai','2018-04-08 07:23:57','admin'),('BL','2018-03-24 18:08:44','180730757417','Tidak','-','-','GP Comp','erno susanto','081288808511','Jl. Tanah kusir 4 Rt/Rw 02/09 No 64','Kebayoran Lama','Jakarta Selatan','DKI Jakarta','12240','12000','0','121000','Grab Instant','521943283803317','Diterima & Selesai','2018-04-08 07:23:57','admin'),('BL','2018-03-25 08:32:10','180731665681','Tidak','-','-','GP Comp','siti jasmine','085695591616','perumahan buana asri blok B4 no 19 rt 05 rw 06 Kel.Nanggewer Mekar,kec.cibinong,kab.bogor','Cibinong','Kab. Bogor','Jawa Barat','16912','10000','0','119000','J&T REG','JD0008087478','Diterima & Selesai','2018-04-08 07:23:57','admin'),('BL','2018-03-26 22:19:33','180735905112','Tidak','-','-','GP Comp','Wisnugroho Dwi Utomo','082325325091','Jl. Cerme Raya 29 Rt.07 Rw.02Lamper Tengah','Semarang Selatan','Semarang','Jawa Tengah','50248','17000','0','107000','TIKI Reg','030092017786','Diterima & Selesai','2018-04-08 07:23:57','admin'),('BL','2018-03-27 10:13:46','180736649849','Tidak','-','-','GP Comp','Titanizer Computer','082113193415','vila gading baru blok E1 no 18 kebalen babelan rt 10/11','Babelan','Kab. Bekasi','Jawa Barat','17610','10000','0','119000','J&T REG','JD0008191094','Diterima & Selesai','2018-04-08 08:40:37','admin'),('BL','2018-03-28 08:30:36','180738730228','Ya','adenium55','085726875539','GP Comp','Yanti','087782862100','l. Belimbing 1 Rt.012 Rw.001 No.28 Jagakarsa , Jaksel 12620, KOTA JAKARTA SELATAN, JAGAKARSA, DKI JA','Jagakarsa','Jakarta Selatan','DKI Jakarta','12620','9000','0','99000','JNE REG','013950053414018','Diterima & Selesai','2018-04-08 08:40:37','admin'),('BL','2018-03-28 08:40:47','180738754945','Tidak','-','-','GP Comp','indra','081243010404','Jl cumedak. Dusun krajan. Desa slateng. Kec ledokombo . Jember. RT/RW : 003/007 UD MITRA ABADI 68196','Ledokombo','Jember','Jawa Timur','68196','33000','0','123000','J&T REG','888044441582','Diterima & Selesai','2018-04-08 08:40:37','admin'),('BL','2018-03-28 15:34:17','180739776700','Tidak','-','-','GP Comp','Reza Sansa Hardika','081298891714','Jalan Rama Raya - No 21 - RT 06  RW 04Komplek Padepokan Taman Mini Indonesia IndahKelurahan Bambu Ap','Cipayung','Jakarta Timur','DKI Jakarta','13890','9000','0','99000','JNE REG','013950053425718','Diterima & Selesai','2018-04-08 08:40:37','admin'),('BL','2018-03-30 13:02:34','180743919783','Tidak','-','-','GP Comp','Indra Lasmana','081280822609','Jl. H. Tohir no. 99 rt.002/011 meruya utara, kembangan','Kembangan','Jakarta Barat','DKI Jakarta','11620','12000','0','102000','Grab Instant','522392909299387','Diterima & Selesai','2018-04-08 08:40:37','admin'),('BL','2018-03-30 22:01:01','180744987150','Tidak','-','-','GP Comp','Astrid','081285457628','Jalan Bujana Tirta 1/A no. 15 RT01/015 Rawamangun Jakarta Timur 13230','Pulo Gadung','Jakarta Timur','DKI Jakarta','13230','12000','0','102000','Grab Instant','522462504670964','Diterima & Selesai','2018-04-08 08:40:36','admin'),('BL','2018-03-31 00:29:24','180745125421','Tidak','-','-','GP Comp','bagus','081310189318','Jl. Joglo Raya, Ruko W3 no 22Komplek Intercon Kebun Jeruk','Kembangan','Jakarta Barat','DKI Jakarta','11640','12000','0','121000','Grab Instant','522465112916109','Diterima & Selesai','2018-04-08 08:40:36','admin'),('BL','2018-03-31 10:03:59','180745701395','Tidak','-','-','GP Comp','Muhammad Riswan','081212770699','Jl. Sentosa no.15 RT.01 RK.01 Desa Parigi','Daha Selatan','Hulu Sungai Selatan','Kalimantan Selatan','71254','57000','0','236000','J&T REG','JD0008392947','Diterima & Selesai','2018-04-08 08:40:36','admin'),('BL','2018-03-31 12:50:14','180746126295','Tidak','-','-','GP Comp','Asriel','081384806068','Hasril D/a : Jln Negara No: 016 / RT 22MarigaDesa : Batu Kajang Kec : Batu SopangKab : Paser kode Po','Batu Sopang','Paser','Kalimantan Timur','76252','39500','0','219500','Pos Kilat Khusus','15269514300','Diterima & Selesai','2018-04-08 08:40:36','admin'),('BL','2018-04-01 10:04:06','180747892843','Tidak','-','-','GP Comp','padli erawan (anak ibu een)','083808801443','jl. skip lawang gintung / Rt 03 / Rw 07','Bogor Selatan','Bogor','Jawa Barat','16134','9000','0','188000','JNE REG','013610107538718','Diterima & Selesai','2018-04-08 22:49:35','admin'),('BL','2018-04-01 18:10:15','180748826671','Tidak','-','-','GP Comp','Ardani','082114557900','Pegadaian Meruya, Jl. Srengseng Raya No 8H','Kembangan','Jakarta Barat','DKI Jakarta','11630','10000','0','119000','J&T REG','JD0008483631','Diterima & Selesai','2018-04-08 22:49:35','admin'),('BL','2018-04-01 22:24:08','180749369178','Tidak','-','-','GP Comp','ridwan PT surya lintas','08111980280','jalan raya bekasi  Km 25 no 168. seberang grand cakung','Cakung','Jakarta Timur','DKI Jakarta','13960','9000','0','188000','JNE REG','013610107542118','Diterima & Selesai','2018-04-08 22:49:35','admin'),('BL','2018-04-02 11:42:49','180750360014','Tidak','-','-','GP Comp','Imam isnanto','085643289652','Mess pamapersada nusantara Jl. Ahmad yani rt4 desa maburai','Tanjung','Tabalong','Kalimantan Selatan','71571','38000','0','128000','TIKI Reg','030093596269','Diterima & Selesai','2018-04-08 22:49:35','admin'),('BL','2018-04-04 06:21:22','180754370917','Tidak','-','-','GP Comp','Erdy Sabastiansyah','087873766595','Jl Raya Bogor Km. 45.5 Blok Ringkem No. 49 Rt. 004 Rw. 02 Cibinong Bogor','Cibinong','Kab. Bogor','Jawa Barat','16911','9000','0','118000','JNE REG','013950056921918','Diterima & Selesai','2018-04-08 22:49:34','admin'),('BL','2018-04-05 09:11:38','180758337579','Tidak','-','-','GP Comp','Guswendri','081210424309','Perum Telaga Pasiraya Blok E4 No 21RT 02 / RW  11Desa Sukasari','Serang Baru','Kab. Bekasi','Jawa Barat','17330','9000','0','99000','JNE REG','013950057435618','Diterima & Selesai','2018-04-08 22:49:34','admin'),('BL','2018-04-07 13:19:04','180763374373','Tidak','-','-','GP Comp','JEMIY HERU SOFYAN','085220872285','DS. JATIMULYA RT. 19/06 KEC. COMPRENG KAB. SUBANG JABAR','Compreng','Subang','Jawa Barat','41258','18000','0','108000','J&T REG','JD0008818044','Diterima & Selesai','2018-04-19 05:29:23','admin'),('BL','2018-04-08 12:45:33','180765288593','Tidak','-','-','GP Comp','Rendra Elyas Sedayu','085288008823','Jl. Tlogosari Selatan, Blok I No.12B, Rt/Rw : 03/07Kel. KalicariKec. PedurunganKota SEMARANG','Pedurungan','Semarang','Jawa Tengah','50198','18000','0','108000','JNE REG','011100049281118','Diterima & Selesai','2018-04-19 05:29:23','admin'),('BL','2018-04-08 15:47:57','180765609284','Ya','ADENIUM55','085726875539','GP Comp','Ahmad Kautsar','0857793620005','Jl. H. Marwah Rt. 09/01 No. 108. Kel. Bojong Pondok Terong Kec. Cipayung Depok 16444(087870712349)','Cipayung','Depok','Jawa Barat','16444','9000','0','99000','JNE REG','011100049280218','Diterima & Selesai','2018-04-19 05:29:23','admin'),('BL','2018-04-13 14:25:36','180776862446','Tidak','-','-','GP Comp','dudik','081343355544','Kantor AirNav Indonesia Gedung Radar Bandara Adi Sucipto Jl. Raya Solo KM.9, Maguwoharjo, Kec. Depok','Depok','Sleman','Daerah Istimewa Yogyakarta','55282','21000','0','111000','J&T REG','JD0009194487','Diterima & Selesai','2018-04-19 05:29:23','admin'),('BL','2018-04-13 20:35:59','180777612894','Tidak','-','-','GP Comp','S Ardhi Wida Nugraha','08114343539','Wisma Walet / Kontrakan AcengJl. Masjid Al Latif, Kel. Kademangan','Setu','Tangerang Selatan','Banten','15314','10000','0','119000','J&T REG','JD0009194488','Diterima & Selesai','2018-04-19 05:29:23','admin'),('BL','2018-04-16 17:56:23','180783657639','Tidak','-','-','GP Comp','hartami jaya','081386805515','Kp. Jembatan, Jl. Cipinang Besar Selatan, Rt 001 Rw 06 No. 3, Kelurahan Cipinang Besar Selatan, Keca','Jatinegara','Jakarta Timur','DKI Jakarta','13410','9000','0','99000','JNE REG','013950063397018','Diterima & Selesai','2018-04-19 05:29:23','admin'),('BL','2018-04-17 12:22:58','180785317150','Tidak','-','-','GP Comp','Septio','081296780105','Jl hankam gg reang 5/11 no17c','Pasar Minggu','Jakarta Selatan','DKI Jakarta','12520','10000','0','100000','J&T REG','JB0001187106','Diterima & Selesai','2018-04-22 07:57:03','admin'),('BL','2018-04-17 13:24:10','180785475805','Tidak','-','-','GP Comp','Alwi Syam','085238731987','Roemah Gadai. Jl. Hasanuddin No.32 .Kampung Bugis ( Depan SDN 2) Sumbawa Besar.','Sumbawa','Sumbawa','Nusa Tenggara Barat','84313','37000','0','146000','JNE REG','013950065213718','Diterima & Selesai','2018-04-22 07:51:42','admin'),('BL','2018-04-17 19:08:26','180786256137','Tidak','-','-','GP Comp','Sonny Permadi','08121111884','Mess Transit Pertamina AderaJln anggar blok e15 kampus','Ilir Barat I','Palembang','Sumatera Selatan','30137','34000','0','124000','JNE YES','013950065208418','Diterima & Selesai','2018-04-22 07:51:42','admin'),('TP','2017-12-13 14:18:22','INV/20171213/XVII/XII/122744910','Tidak','-','-','GP Comp','Ari Sigit Sulistyo','081575575539','Kantor PDAM Tirta Kajen Jl. Singosari No 732 Kajen','Kajen','Pekalongan','Jawa Tengah','51161','21000','0','126000','JNE REG','013610401580117','Diterima & Selesai','2017-12-29 11:29:14','admin'),('TP','2017-12-15 08:12:22','INV/20171215/XVII/XII/123087222','Tidak','-','-','GP Comp','juventus Man','082298684611','jln masjid al makmur rt 09 rw 08 n0 41 (patokannya deket rumah pak RT 09','Pasar Minggu','Jakarta Selatan','DKI Jakarta','12510','18000','0','123000','JNE YES','010900395719417','Diterima & Selesai','2017-12-29 11:29:14','admin'),('TP','2017-12-16 08:24:22','INV/20171216/XVII/XII/123281895','Tidak','-','-','GP Comp','stefven','08118856660','jalan cipto mangunkusumo no.76 (seberang sd negri kauman)','Jepara','Jepara','Jawa Tengah','59417','21000','0','111000','JNE REG','013950108996817','Diterima & Selesai','2017-12-29 11:29:14','admin'),('TP','2017-12-28 08:25:22','INV/20171228/XVII/XII/125373254','Tidak','-','-','GP Comp','Herru Chaerudin','81380169555','PDAM Kota Bogor Jl. Siliwangi No 121 (Bagisn SPI)','Bogor Timur','Bogor','Jawa Barat','16142','9000','0','99000','JNE REG','1.09004E+13','Diterima & Selesai','2018-01-18 12:21:22','ADMIN'),('TP','2017-12-31 07:39:00','INV/20171231/XVII/XII/126004272','Tidak','-','-','GP Comp','NAILIE AZIZAH','81334314486','JL. PANJI SUROSO PERUM PURI KARTIKA ASRI BLOK I-1 KEL. PURWODADI','BLIMBING','Malang','Jawa Timur','65125','22000','0','112000','J&T - Reguler','JD0004194817','Diterima & Selesai','2018-01-18 12:21:22','ADMIN'),('TP','2018-01-01 13:34:22','INV/20180101/XVIII/I/126189958','Tidak','-','-','GP Comp','Nana Supriatna','81395000478','Karang Anyar Rt. 01 Rw. 27 Desa Nagasari','Karawang Barat','Karawang','Jawa Barat','41312','22000','0','112000','JNE YES','1.361E+13','Diterima & Selesai','2018-01-18 12:21:22','ADMIN'),('TP','2018-01-03 09:16:22','INV/20180103/XVIII/I/126522432','Tidak','-','-','GP Comp','EMA','85694885745','JALAN MATRAMAN DALAM III N0.38 RT.009/RW.07 KELURAHAN PEGANGSAAN','Menteng','Jakarta Pusat','DKI Jakarta','10320','9000','0','99000','JNE REG','1.09E+13','Diterima & Selesai','2018-01-18 12:21:22','ADMIN'),('TP','2018-01-06 23:04:22','INV/20180106/XVIII/I/127345553','Tidak','-','-','GP Comp','Vicky Hermawan','8999510520','Perum Villa Pertiwi , blok H3 no.2','Cilodong','Depok','Jawa Barat','16415','9000','0','99000','JNE REG','1.09E+13','Diterima & Selesai','2018-01-18 12:21:22','ADMIN'),('TP','2018-01-08 10:41:22','INV/20180108/XVIII/I/127566283','Tidak','-','-','GP Comp','Tony Yuda','811104289','Jl. Waribang no. 9','Kesiman Petilan','Denpasar Timur','Bali','80237','22000','0','112000','JNE REG','1.09004E+13','Diterima & Selesai','2018-01-18 12:21:22','ADMIN'),('TP','2018-01-08 15:07:22','INV/20180108/XVIII/I/127653321','Tidak','-','-','GP Comp','ADITYA SAPUTRA','82113598077','PT. PLN(PERSERO) APP CAWANG (GEDUNG PDKB), JL. CILILITAN BESAR NO.1','CILILITAN','JAKARTA TIMUR','DKI Jakarta','13640','18000','0','108000','JNE YES','1.09004E+13','Diterima & Selesai','2018-01-18 12:21:22','ADMIN'),('TP','2018-01-12 18:18:00','INV/20180112/XVIII/I/128573648','Tidak','-','-','GP Comp','John Mada','85239244029','Jl Bajawa Blok I No. 1 Fatululi','Oebobo','Kupang','Nusa Tenggara Timur','85111','55000','0','145000','J&T - Reguler','JD0004687155','Diterima & Selesai','2018-01-18 12:21:22','ADMIN'),('TP','2018-01-14 20:52:22','INV/20180114/XVIII/I/128893477','Tidak','-','-','GP Comp','Tjepi Hanapiah','82119110053','jl. somawinata 58 d/a sovis wedding rt 02rw 02 desa tanimulya','Ngamprah','Bandung Barat','Jawa Barat','40552','8000','0','98000','Wahana - Service Normal','AGU46113','Diterima & Selesai','2018-01-31 17:41:31','admin'),('TP','2018-01-16 20:56:22','INV/20180116/XVIII/I/129360171','Tidak','-','-','GP Comp','Irfan Setyo Nugroho','81289287385','Jalan Tanah Abang II No. 6(Markas Komando Paspampres,flat keluarga no.316), Gambir, Petojo Sel.','Gambir','Jakarta Pusat','DKI Jakarta','10160','9000','0','99000','JNE Reg','1.09E+13','Diterima & Selesai','2018-01-31 17:41:31','admin'),('TP','2018-01-20 07:36:22','INV/20180120/XVIII/I/130008422','Tidak','-','-','GP Comp','Agus rudianto','85222168866','Jl. Ciguruwik, gg 3 no 5, rt03/04, cinunuk','cileunyi','bandung','Jawa Barat','40264','11000','0','101000','J&T - Reguler','JD0004968637','Diterima & Selesai','2018-01-31 17:41:31','admin'),('TP','2018-01-20 18:19:22','INV/20180120/XVIII/I/130120226','Tidak','-','-','GP Comp','suyitno','85338356688','jl.merpati Gg.puputan baru 5. no 15 A','Denpasar Barat','Denpasar','Bali','85632','22000','0','112000','JNE Reg','1.36E+13','Diterima & Selesai','2018-01-31 17:41:31','admin'),('TP','2018-01-22 14:29:22','INV/20180122/XVIII/I/130418855','Tidak','-','-','GP Comp','Nanang sopiudin','85215439999','Kota Harapan indah 2,cluster Aralia jln Aralia IX Blok HY 32 No.22','Tarumajaya','Bekasi','Jawa Barat','17214','9000','0','99000','JNE Reg','1.09E+13','Diterima & Selesai','2018-01-31 17:41:31','admin'),('TP','2018-01-24 07:44:22','INV/20180124/XVIII/I/130749647','Tidak','-','-','GP Comp','Budi S','817805805','Jl. Raya Tubagus Angke No. 9, Sebelah Makam P. Wijaya Kusuma','Jelambar','Jakarta Barat','DKI Jakarta','11460','18000','0','108000','JNE Yes','1.09E+13','Diterima & Selesai','2018-01-31 17:41:31','admin'),('TP','2018-01-28 09:58:22','INV/20180128/XVIII/I/131619006','Tidak','-','-','GP Comp','Siti Asngadah','8128279654','Villa Mutiara Jaya Blok M61 no2 RT 04 RW 10 Wanajaya','Cibitung','Bekasi','Jawa Barat','17520','9000','0','99000','JNE Reg','1.36E+13','Diterima & Selesai','2018-01-31 17:41:31','admin'),('TP','2018-01-31 09:43:22','INV/20180131/XVIII/I/132317043','Tidak','-','-','GP Comp','Dewi isnaini','81808833695','Adhikarya 1/d2. Villa kedoya','Kebon Jeruk','Jakarta Barat','DKI Jakarta','11520','15000','0','105000','Tiki ONS','30087962491','Diterima & Selesai','2018-02-14 09:48:38','admin'),('TP','2018-02-05 05:22:22','INV/20180205/XVIII/II/133425782','Tidak','-','-','GP Comp','adimas imbang','87822999768','jl.alternatif cibubur, perum. Raffles Hills, cluster Spring Land, Blok T2/19','cibubur','depok','Jawa Barat','16454','99000','0','189000','JNE Reg','010900002079018','Diterima & Selesai','2018-02-14 09:48:38','admin'),('TP','2018-02-05 11:25:22','INV/20180205/XVIII/II/133499169','Tidak','-','-','GP Comp','adya risky','89606524479','jl.seruni blok B no 19 RT64 RW17 perumahan poligon lama (lorong serawai)','Ilir Barat I','Kota Palembang','Sumatera Selatan','30139','22000','0','201000','JNE Reg','010900003858518','Diterima & Selesai','2018-02-14 09:48:38','admin'),('TP','2018-02-05 11:39:22','INV/20180205/XVIII/II/133504060','Tidak','-','-','GP Comp','M. Noer','81225667003','Jl. Danau Seran Guntung Paring. Komplek Green Kurnia Blok B No.10','Banjarbaru','Banjarbaru','Kalimantan Selatan','70731','33000','0','123000','J&T','JD0005668385','Diterima & Selesai','2018-02-14 09:48:38','admin'),('TP','2018-02-06 13:08:22','INV/20180206/XVIII/II/133799936','Tidak','-','-','GP Comp','Rizki Widiasari','87877884926','Jl.Kebagusan Besar, Gg.Sawo, Rt.08 Rw.06 No.63','Pasar Minggu','Jakarta Selatan','DKI Jakarta','12520','18000','0','108000','JNE Yes','013610040753818','Diterima & Selesai','2018-02-14 10:06:57','admin'),('TP','2018-02-06 13:49:22','INV/20180206/XVIII/II/133814495','Tidak','-','-','GP Comp','Zainal Arifin Daulay','81396053475','Jl.Cendrawasih, belakang SMK Al Habibi, depan Lapangan Volly, (kantor Teh Botol Sosro yang Baru)','Barumun','Padang Lawas','Sumatera Utara','22763','50000','0','229000','JNE Reg','013610045017918','Diterima & Selesai','2018-02-14 10:06:57','admin'),('TP','2018-02-11 04:59:22','INV/20180211/XVIII/II/135010293','Tidak','-','-','GP Comp','Tayadi','81902673014','Rt 03 / Rw 04','losari','brebes','Jawa Tengah','52255','27000','0','117000','JNE Reg','1.36E+13','Diterima & Selesai','2018-02-26 14:20:56','admin'),('TP','2018-02-19 17:30:22','INV/20180219/XVIII/II/137388952','Tidak','-','-','GP Comp','M Nadhirin','85728177888','Jl Tapaksari 10 no 37','Tugu','Semarang','Jawa Tengah','50151','28000','0','118000','JNE Yes','1.36E+13','Diterima & Selesai','2018-02-26 14:20:55','admin'),('TP','2018-02-21 10:46:22','INV/20180221/XVIII/II/137769457','Tidak','-','-','GP Comp','ahmad faisal','8998476736','sdit al hikmah.. jl. h. muhidin no 14.Rt.01 Rw 03','Cipayung Jaya','Depok','Jawa Barat','16431','18000','0','197000','JNE Yes','1.09E+13','Diterima & Selesai','2018-02-26 14:20:55','admin'),('TP','2018-02-26 12:39:22','INV/20180226/XVIII/II/139005897','Tidak','-','-','GP Comp','HARTONO (Electrical)','81310743368','INDY BINTARO OFFICE PARK, Building A Jl. Boulevard Bintaro Jaya Blok B7/A6','Ciputat Timur','Tangerang Selatan','Banten','15224','18000','0','197000','JNE Yes','013610037769618','Diterima & Selesai','2018-03-02 09:50:49','admin'),('TP','2018-02-26 16:03:22','INV/20180226/XVIII/II/139078852','Tidak','-','-','GP Comp','Kevin Dwinanto','8119361409','Perumahan Grand Wisata, Cluster Lemonade Blok CC.5 No.5','Tambun Selatan','Bekasi','Jawa Barat','17518','15000','0','105000','Tiki ONS','030090919402','Diterima & Selesai','2018-04-08 08:29:53','admin'),('TP','2018-02-26 20:45:22','INV/20180226/XVIII/II/139137791','Tidak','-','-','GP Comp','lily hardian','81280553361','jl.telkom gg bambu kuning rt04 /rw03 no.64','cimanggis','depok','Jawa Barat','16954','9000','0','99000','JNE Reg','013610068381918','Diterima & Selesai','2018-03-19 10:46:53','admin'),('TP','2018-02-27 14:27:22','INV/20180227/XVIII/II/139321249','Tidak','-','-','GP Comp','Nindyo Edyen Putri','82141646721','Ruko Agung Sedayu Square blok.M no. 55, Jalan Outer Ringroad Lingkar Luar','Cengkareng Barat','Jakarta Barat','DKI Jakarta','11730','9000','0','99000','JNE Reg','013610066423318','Diterima & Selesai','2018-03-19 10:46:52','admin'),('TP','2018-03-04 13:51:22','INV/20180304/XVIII/III/140481677','Tidak','-','-','GP Comp','deni firmansyah','85659900434','Jl.permata l lot BB-1,kawasan industri KIIC','Telukjambe Barat','Karawang','Jawa Barat','41361','10000','0','100000','JNT Reg','JT0000181826','Diterima & Selesai','2018-03-29 13:13:34','admin'),('TP','2018-03-04 16:59:22','INV/20180304/XVIII/III/140512418','Tidak','-','-','GP Comp','Handi Priyatna','82211992855','Jalan KH Mustofa No.174 (2) Rt/Rw 05/03 Kel. Poris Gaga Baru','Batuceper','Tangerang','Banten','15122','10000','0','100000','JNT Reg','JT0000181804','Diterima & Selesai','2018-03-29 13:13:34','admin'),('TP','2018-03-07 06:34:22','INV/20180307/XVIII/III/141143544','Tidak','-','-','GP Comp','SADONI','85840032494','Jl.Roda Hias, Rt. 2, Rw. 2, No. 6. ( Rumah ke-4 dari belakang Alfamart, sisi kanan jalan )','Serpong','Tangerang Selatan','Banten','15310','10000','0','279000','JNT Reg','JT0000202769','Diterima & Selesai','2018-03-29 13:13:34','admin'),('TP','2018-03-09 13:29:22','INV/20180309/XVIII/III/141756888','Tidak','-','-','GP Comp','toni ardiansyah','81902337969','jalan kedaung barat, perumahan panorama sepatan blok b12 no 5','lebak wangi - sepatan timur','Tangerang','Banten','15520','18000','0','198000','JNE Yes','010900005991818','Diterima & Selesai','2018-03-29 13:13:34','admin'),('TP','2018-03-11 20:06:22','INV/20180311/XVIII/III/142246419','Tidak','-','-','GP Comp','BARA ELEKTRONIK','82218364567','jl. betengan no.23 Rt.06 Rw.05 kel.Bintoro','Demak','Demak','Jawa Tengah','59511','21000','0','200000','JNT Reg','JD0007378018','Diterima & Selesai','2018-03-29 13:13:33','admin'),('TP','2018-03-13 16:43:22','INV/20180313/XVIII/III/142759581','Tidak','-','-','GP Comp','Aris/irfan','8568875891','jl rasamala 2 rt011 rw09 no 34 menteng dalam','tebet','jakarta selatan','DKI Jakarta','12870','15000','0','105000','Tiki Ons','030091333925','Diterima & Selesai','2018-03-29 13:13:33','admin'),('TP','2018-03-16 07:08:22','INV/20180316/XVIII/III/143444694','Tidak','-','-','GP Comp','hengki','83898556575','tomang utara 5 no 206','Grogol Petamburan','Jakarta Barat','DKI Jakarta','11440','9000','0','99000','JNE Reg','013610075682018','Diterima & Selesai','2018-03-29 13:13:33','admin'),('TP','2018-03-16 08:51:22','INV/20180316/XVIII/III/143462652','Tidak','-','-','GP Comp','Wahyu Anggoro','81290889086','Apt Mediterania Gajah Mada Jalan Gajah Mada no.174','Tamansari','Jakarta Barat','DKI Jakarta','11130','9000','0','99000','Tiki Reg','030092017405','Diterima & Selesai','2018-03-29 13:13:33','admin'),('TP','2018-03-26 20:58:22','INV/20180326/XVIII/III/146178968','Tidak','-','-','GP Comp','setia tarigan','8163115811','jalan padang mas / pasar baru no 31-33 (suearih)','Kabanjahe','Karo','Sumatera Utara','22115','40000','0','329000','JNE Reg','1.36E+13','Diterima & Selesai','2018-04-08 08:14:13','admin'),('TP','2018-03-27 15:03:22','INV/20180327/XVIII/III/146415375','Tidak','-','-','GP Comp','Tika','85710272520','Jlan Kebayoran Baru','Kebayoran Baru','Jakarta Selatan','DKI Jakarta','12120','9000','0','99000','JNE Reg','013950051893418','Diterima & Selesai','2018-04-08 08:23:57','admin'),('TP','2018-03-30 03:17:22','INV/20180330/XVIII/III/147177424','Tidak','-','-','GP Comp','yan damia','82144465168','Jalan Tukad Pancoran Gg sandat No 8 Denpasar','Denpasar Selatan','Denpasar','Bali','80225','22000','0','112000','JNE Reg','013950053850118','Diterima & Selesai','2018-04-08 21:46:19','admin'),('TP','2018-04-01 12:21:22','INV/20180401/XVIII/IV/147708758','Tidak','-','-','GP Comp','agung budi prasetyo','89629188880','desa singgahan rt 09/rw 02','Kebonsari','Madiun','Jawa Timur','63173','33000','0','212000','JNE Reg','13610107544918','Diterima & Selesai','2018-04-08 22:39:51','admin'),('TP','2018-04-02 09:08:22','INV/20180402/XVIII/IV/147871078','Tidak','-','-','GP Comp','Victoria','8119691991','Jalan Manyar Permai 4 Blok U2 no. 5','Pantai Indah Kapuk','Jakarta Utara','DKI Jakarta','14460','9000','0','99000','JNE Reg','13610107535018','Diterima & Selesai','2018-04-08 22:39:51','admin'),('TP','2018-04-03 17:31:22','INV/20180403/XVIII/IV/148470683','Tidak','-','-','GP Comp','Didit S','81703306868','Pondok Mutiara Blok Bi No. 5','Sidoarjo','Sidoarjo','Jawa Timur','61251','29000','0','208000','JNE Yes','11100046869718','Diterima & Selesai','2018-04-08 22:39:51','admin'),('TP','2018-04-04 14:41:22','INV/20180404/XVIII/IV/148778578','Tidak','-','-','GP Comp','rendy','81283900177','tomang asli no 42','Palmerah','Jakarta Barat','DKI Jakarta','11430','15000','0','105000','Tiki ONS','30093596348','Diterima & Selesai','2018-04-08 22:39:51','admin'),('TP','2018-04-05 08:33:22','INV/20180405/XVIII/IV/149019128','Tidak','-','-','GP Comp','Ananda Ansella','81295098676','Perumahan Palem Ganda Asri 1 Blok B3 no 9','Karangtengah','Kota Tangerang','Banten','15157','10000','0','100000','J&T Reg','JD0008687999','Diterima & Selesai','2018-04-19 06:42:34','admin'),('TP','2018-04-05 17:51:22','INV/20180405/XVIII/IV/149194035','Tidak','-','-','GP Comp','Aby Putra','81326443993','Jl. Purwandaru No 37 RT 02 RW 07 Desa Kedungjati','Bukateja','Purbalingga','Jawa Tengah','53382','19000','0','109000','Pos Indonesia','15269516140','Diterima & Selesai','2018-04-19 06:42:34','admin'),('TP','2018-04-06 20:53:22','INV/20180406/XVIII/IV/149490618','Tidak','-','-','GP Comp','Jimmy.K','89653895888','Perum Taman Lembusura Jl.Taman Lembusura blok VIII no.2','Ubung Kaja','Denpasar','Bali','80116','22000','0','240000','JNE Reg','13610114187718','Diterima & Selesai','2018-04-19 06:42:34','admin'),('TP','2018-04-08 10:00:22','INV/20180408/XVIII/IV/149775904','Tidak','-','-','GP Comp','Igor','817712210','jln Pilar baru no.38 RT 005 RW 03','Kebon Jeruk','Jakarta Barat','DKI Jakarta','11520','9000','0','99000','JNE Reg','11100048623018','Diterima & Selesai','2018-04-19 06:42:34','admin'),('TP','2018-04-06 11:51:22','INV/20180408/XVIII/IV/149784496','Tidak','-','-','GP Comp','Adi Wibowo','85315024465','Dusun Nagrog Rt/Rw 31/14 Desa Batukaras','Cijulang','Kab. Pangandaran','Jawa Barat','46394','18000','0','108000','JNE Reg','11100049278618','Diterima & Selesai','2018-04-19 06:42:34','admin'),('TP','2018-04-08 19:54:22','INV/20180408/XVIII/IV/149894715','Tidak','-','-','GP Comp','Rokhmani','85939500007','Jl. KH. Mustamil No. 08 Link. Jerang Barat RT.03 RW.01 Kelurahan Karang Asem','Cibeber','Kota Cilegon','Banten','42425','10000','0','100000','JNE Reg','11100049284818','Diterima & Selesai','2018-04-19 06:42:34','admin'),('TP','2018-04-11 14:08:22','INV/20180411/XVIII/IV/150689248','Tidak','-','-','GP Comp','Frisko Hakim','81347062257','Jalan Dermaga, Perum. KORPRI No. 3','Tanjung Redeb','Kab. Berau','Kalimantan Timur','77311','56500','0','146500','Pos Indonesia','15269518328','Diterima & Selesai','2018-04-19 06:42:34','admin'),('TP','2018-04-13 11:00:22','INV/20180413/XVIII/IV/151175929','Tidak','-','-','GP Comp','Yakob Pangihutan S','81319791006','PT. Bumi Suksesindo Pulau Merah Rt 08, Rw 01, Dsn Pancer','Pesanggaran','Kab Banyuwangi','Jawa Timur','68488','33000','0','123000','JNE Reg','13610122590118','Diterima & Selesai','2018-04-19 06:42:34','admin'),('TP','2018-04-14 14:10:22','INV/20180414/XVIII/IV/151452997','Tidak','-','-','GP Comp','ARMAN (Chief Engineering)','82363120240','CK TANJUNGPINANG HOTEL Jl Raja H Fisabilillah No.10 Batu 8 Atas','Tanjung Pinang Timur','Tanjung Pinang','Kepulauan Riau','29125','34500','0','124500','Pos Indonesia (Express)','15269519412','Diterima & Selesai','2018-04-19 06:42:34','admin'),('TP','2018-04-14 19:05:22','INV/20180414/XVIII/IV/151503180','Tidak','-','-','GP Comp','Tio Anggie Hizbullah','87874566253','Jl Pule Gg H.ishak no 10 RT 013 RW 04 Kel. Rambutan','Ciracas','jakarta Timur','DKI Jakarta','13830','9000','0','188000','JNE Reg','11100052885518','Diterima & Selesai','2018-04-19 06:42:34','admin'),('TP','2018-04-16 14:40:22','INV/20180416/XVIII/IV/151924541','Tidak','-','-','GP Comp','Roedi Hartono','87784223154','Kp. Citalang Rt04/Rw01','Purwakarta','Purwakarta','Jawa Barat','41118','22000','0','112000','JNE Yes','13950063392518','Diterima & Selesai','2018-04-21 07:08:23','admin'),('TP','2018-04-16 19:43:22','INV/20180416/XVIII/IV/152008216','Tidak','-','-','GP Comp','Hipotesa Zagoto','811696375','Puri Selebriti 2 Blok A11 No.32','Nongsa','Kota Batam','Kepulauan Riau','29414','28000','0','118000','JNE Reg','11100050743118','Diterima & Selesai','2018-04-21 06:27:53','admin'),('TP','2018-04-17 13:02:22','INV/20180417/XVIII/IV/152193402','Tidak','-','-','GP Comp','Reza Kurniawan','811222978','Jalan Manyar Jaya XI/05','Sukolilo','Surabaya','Jawa Timur','60118','19000','0','109000','J&T Reg','JT0000627572','Diterima & Selesai','2018-04-21 06:27:53','admin'),('TP','2018-04-18 05:19:22','INV/20180418/XVIII/IV/152381115','Tidak','-','-','GP Comp','Zulfahmi','8153710240','Komp. Tamansari Bukit Mutiara (Wika), cluster Cendana-1 No. CC1/17','Balikpapan Utara','Balikpapan','Kalimantan Timur','76125','40000','0','220000','JNE Reg','13950065210018','Diterima & Selesai','2018-04-22 08:12:55','admin');

/*Table structure for table `produk` */

DROP TABLE IF EXISTS `produk`;

CREATE TABLE `produk` (
  `id` int(11) NOT NULL AUTO_INCREMENT,
  `NamaProduk` varchar(250) DEFAULT NULL,
  `HargaBeliProduk` decimal(10,0) DEFAULT NULL,
  `HargaJualProduk` decimal(10,0) DEFAULT NULL,
  `MulaiJual` date DEFAULT '0000-00-00',
  `Gambar` varchar(50) DEFAULT NULL,
  `Status` varchar(1) DEFAULT NULL,
  `LastUpdate` datetime DEFAULT NULL,
  `UpdateBy` varchar(20) DEFAULT NULL,
  PRIMARY KEY (`id`)
) ENGINE=InnoDB AUTO_INCREMENT=6 DEFAULT CHARSET=latin1;

/*Data for the table `produk` */

insert  into `produk`(`id`,`NamaProduk`,`HargaBeliProduk`,`HargaJualProduk`,`MulaiJual`,`Gambar`,`Status`,`LastUpdate`,`UpdateBy`) values (1,'USB flashdisk bootable windows 16GB','63900','109000','2017-05-27',NULL,'Y','2018-04-22 08:03:10','1'),(2,'Paket Software Design Corel - photoshop - autocad USB Flashdisk Sandisk 16GB','63900','90000','2017-09-24',NULL,'Y','2018-04-22 08:03:04','1'),(3,'Driver Pack Solution 2017 USB Flashdisk Sandisk 16GB','63900','90000','2017-09-24',NULL,'Y','2018-04-22 08:02:56','1'),(4,'USB Flashdisk Bootable Windows 32GB Dilengkapi Driver Pack 2017','121500','179000','2017-12-14',NULL,'Y','2018-03-05 10:28:32','1'),(5,'Paket Software Multimedia - After Effects - Premiere Pro USB Flashdisk Sandisk 16GB','63900','90000','2018-01-12',NULL,'Y','2018-04-22 08:02:49','1');

/*Table structure for table `setup_no` */

DROP TABLE IF EXISTS `setup_no`;

CREATE TABLE `setup_no` (
  `Tahun` varchar(12) DEFAULT NULL,
  `no_receiving` int(11) DEFAULT NULL,
  `no_struk` int(11) DEFAULT NULL,
  `no_retur` int(11) DEFAULT NULL
) ENGINE=InnoDB DEFAULT CHARSET=utf8;

/*Data for the table `setup_no` */

insert  into `setup_no`(`Tahun`,`no_receiving`,`no_struk`,`no_retur`) values ('2017',2500025,2600001,2700001),('2018',2500002,NULL,NULL);

/*Table structure for table `users` */

DROP TABLE IF EXISTS `users`;

CREATE TABLE `users` (
  `id` int(10) NOT NULL AUTO_INCREMENT,
  `UserName` varchar(30) NOT NULL,
  `Password` varchar(50) NOT NULL,
  `Active` varchar(1) NOT NULL DEFAULT 'T',
  `UserLevel` int(10) DEFAULT '2',
  `AddDate` datetime DEFAULT '0000-00-00 00:00:00',
  `EditDate` datetime DEFAULT '0000-00-00 00:00:00',
  PRIMARY KEY (`id`)
) ENGINE=InnoDB AUTO_INCREMENT=2 DEFAULT CHARSET=latin1;

/*Data for the table `users` */

insert  into `users`(`id`,`UserName`,`Password`,`Active`,`UserLevel`,`AddDate`,`EditDate`) values (1,'admin','46f94c8de14fb36680850768ff1b7f2a','Y',-1,'2017-09-06 09:42:30','2017-09-19 12:14:24');

/*Table structure for table `users_levels` */

DROP TABLE IF EXISTS `users_levels`;

CREATE TABLE `users_levels` (
  `UserLevelID` int(11) NOT NULL DEFAULT '0',
  `UserLevelName` varchar(50) NOT NULL,
  `Status` varchar(1) DEFAULT NULL COMMENT 'Y=Active, T= not active',
  `AddDate` date NOT NULL DEFAULT '0000-00-00',
  `EditDate` date NOT NULL DEFAULT '0000-00-00',
  `AddUser` varchar(10) DEFAULT NULL,
  `EditUser` varchar(10) DEFAULT NULL,
  PRIMARY KEY (`UserLevelID`)
) ENGINE=MyISAM DEFAULT CHARSET=latin1;

/*Data for the table `users_levels` */

insert  into `users_levels`(`UserLevelID`,`UserLevelName`,`Status`,`AddDate`,`EditDate`,`AddUser`,`EditUser`) values (-1,'Administrator','Y','2017-09-19','0000-00-00',NULL,NULL),(1,'RESEARCH','Y','0000-00-00','0000-00-00',NULL,NULL),(2,'USERS','Y','0000-00-00','0000-00-00',NULL,NULL);

/*!40101 SET SQL_MODE=@OLD_SQL_MODE */;
/*!40014 SET FOREIGN_KEY_CHECKS=@OLD_FOREIGN_KEY_CHECKS */;
/*!40014 SET UNIQUE_CHECKS=@OLD_UNIQUE_CHECKS */;
/*!40111 SET SQL_NOTES=@OLD_SQL_NOTES */;
